/*
 Navicat Premium Data Transfer

 Source Server         : localhost
 Source Server Type    : MySQL
 Source Server Version : 50623
 Source Host           : localhost
 Source Database       : jeesite

 Target Server Type    : MySQL
 Target Server Version : 50623
 File Encoding         : utf-8

 Date: 08/20/2015 11:25:52 AM
*/

SET NAMES utf8;
SET FOREIGN_KEY_CHECKS = 0;

-- ----------------------------
--  Table structure for `act_ge_bytearray`
-- ----------------------------
DROP TABLE IF EXISTS `act_ge_bytearray`;
CREATE TABLE `act_ge_bytearray` (
  `ID_` varchar(64) COLLATE utf8_bin NOT NULL DEFAULT '',
  `REV_` int(11) DEFAULT NULL,
  `NAME_` varchar(255) COLLATE utf8_bin DEFAULT NULL,
  `DEPLOYMENT_ID_` varchar(64) COLLATE utf8_bin DEFAULT NULL,
  `BYTES_` longblob,
  `GENERATED_` tinyint(4) DEFAULT NULL,
  PRIMARY KEY (`ID_`),
  KEY `ACT_FK_BYTEARR_DEPL` (`DEPLOYMENT_ID_`),
  CONSTRAINT `ACT_FK_BYTEARR_DEPL` FOREIGN KEY (`DEPLOYMENT_ID_`) REFERENCES `act_re_deployment` (`ID_`)
) ENGINE=InnoDB DEFAULT CHARSET=utf8 COLLATE=utf8_bin;

-- ----------------------------
--  Records of `act_ge_bytearray`
-- ----------------------------
BEGIN;
INSERT INTO `act_ge_bytearray` VALUES ('3e50a5d2e8f943b3b399ad7967035fd3', '1', 'test_audit.bpmn20.xml', 'b077a77155804c44bade007645473ea9', 0x3c3f786d6c2076657273696f6e3d27312e302720656e636f64696e673d275554462d38273f3e0d0a3c646566696e6974696f6e7320786d6c6e733d22687474703a2f2f7777772e6f6d672e6f72672f737065632f42504d4e2f32303130303532342f4d4f44454c2220786d6c6e733a7873693d22687474703a2f2f7777772e77332e6f72672f323030312f584d4c536368656d612d696e7374616e63652220786d6c6e733a61637469766974693d22687474703a2f2f61637469766974692e6f72672f62706d6e2220786d6c6e733a62706d6e64693d22687474703a2f2f7777772e6f6d672e6f72672f737065632f42504d4e2f32303130303532342f44492220786d6c6e733a6f6d6764633d22687474703a2f2f7777772e6f6d672e6f72672f737065632f44442f32303130303532342f44432220786d6c6e733a6f6d6764693d22687474703a2f2f7777772e6f6d672e6f72672f737065632f44442f32303130303532342f44492220747970654c616e67756167653d22687474703a2f2f7777772e77332e6f72672f323030312f584d4c536368656d61222065787072657373696f6e4c616e67756167653d22687474703a2f2f7777772e77332e6f72672f313939392f585061746822207461726765744e616d6573706163653d22687474703a2f2f7777772e61637469766974692e6f72672f74657374223e0d0a20203c70726f636573732069643d22746573745f617564697422206e616d653d22e6b581e7a88be5aea1e689b9e6b58be8af95e6b581e7a88b2220697345786563757461626c653d2274727565223e0d0a202020203c73746172744576656e742069643d22737461727422206e616d653d22e590afe58aa8e5aea1e689b9222061637469766974693a696e69746961746f723d226170706c79222061637469766974693a666f726d4b65793d222f6f612f7465737441756469742f666f726d222f3e0d0a202020203c656e644576656e742069643d22656e6422206e616d653d22e7bb93e69d9fe5aea1e689b9222f3e0d0a202020203c757365725461736b2069643d226d6f6469667922206e616d653d22e59198e5b7a5e896aae985ace6a1a3e7baa7e4bfaee694b9222061637469766974693a61737369676e65653d22247b6170706c797d222f3e0d0a202020203c757365725461736b2069643d22617564697422206e616d653d22e896aae985ace4b8bbe7aea1e5889de5aea1222061637469766974693a61737369676e65653d227468696e6b67656d222f3e0d0a202020203c6578636c7573697665476174657761792069643d227369642d43323842423546362d303133442d343537302d423433322d363142333830433146343646222f3e0d0a202020203c757365725461736b2069643d2261756469743222206e616d653d22e99b86e59ba2e4babae58a9be8b584e6ba90e983a8e983a8e995bfe5aea1e6a0b8222061637469766974693a61737369676e65653d227468696e6b67656d222f3e0d0a202020203c6578636c7573697665476174657761792069643d227369642d45443436464534312d413046442d343936442d383644432d324339374146353733354630222f3e0d0a202020203c73657175656e6365466c6f772069643d227369642d45463246353142422d314439392d344630422d414346322d4236433133303041374432422220736f757263655265663d2261756469743222207461726765745265663d227369642d45443436464534312d413046442d343936442d383644432d324339374146353733354630222f3e0d0a202020203c757365725461736b2069643d2261756469743322206e616d653d22e99b86e59ba2e4babae58a9be8b584e6ba90e983a8e58886e7aea1e9a286e5afbce5aea1e6a0b8222061637469766974693a61737369676e65653d227468696e6b67656d222f3e0d0a202020203c6578636c7573697665476174657761792069643d227369642d46453438354232442d394132332d343233362d424430442d443738384341364533304534222f3e0d0a202020203c73657175656e6365466c6f772069643d227369642d33444243443636312d353732302d343438302d383135362d3734384245303237354645462220736f757263655265663d2261756469743322207461726765745265663d227369642d46453438354232442d394132332d343233362d424430442d443738384341364533304534222f3e0d0a202020203c757365725461736b2069643d2261756469743422206e616d653d22e99b86e59ba2e680bbe7bb8fe79086e5aea1e689b9222061637469766974693a61737369676e65653d227468696e6b67656d222f3e0d0a202020203c6578636c7573697665476174657761792069643d227369642d33463533423642442d463846332d343936422d414330382d353036333042443131343737222f3e0d0a202020203c757365725461736b2069643d226170706c795f656e6422206e616d653d22e896aae985ace6a1a3e7baa7e58591e78eb0222061637469766974693a61737369676e65653d227468696e6b67656d222f3e0d0a202020203c73657175656e6365466c6f772069643d227369642d30324442324144392d313333322d343139382d414338442d3232413335313639443135432220736f757263655265663d2261756469743422207461726765745265663d227369642d33463533423642442d463846332d343936422d414330382d353036333042443131343737222f3e0d0a202020203c73657175656e6365466c6f772069643d227369642d32414237433031412d353045452d344141432d384338462d4636453139333542334441372220736f757263655265663d22617564697422207461726765745265663d227369642d43323842423546362d303133442d343537302d423433322d363142333830433146343646222f3e0d0a202020203c73657175656e6365466c6f772069643d227369642d33364535304338422d364337432d343936382d423032442d4542414134323542463442452220736f757263655265663d22737461727422207461726765745265663d226175646974222f3e0d0a202020203c73657175656e6365466c6f772069643d227369642d37443732333139302d313433322d343131442d413441342d37373432323545353443443922206e616d653d22e698af2220736f757263655265663d227369642d33463533423642442d463846332d343936422d414330382d35303633304244313134373722207461726765745265663d226170706c795f656e64223e0d0a2020202020203c636f6e646974696f6e45787072657373696f6e207873693a747970653d2274466f726d616c45787072657373696f6e223e3c215b43444154415b247b706173733d3d317d5d5d3e3c2f636f6e646974696f6e45787072657373696f6e3e0d0a202020203c2f73657175656e6365466c6f773e0d0a202020203c73657175656e6365466c6f772069643d227369642d44343443414434332d303237312d343932302d413532342d39423835333345353235353022206e616d653d22e698af2220736f757263655265663d227369642d46453438354232442d394132332d343233362d424430442d44373838434136453330453422207461726765745265663d22617564697434223e0d0a2020202020203c636f6e646974696f6e45787072657373696f6e207873693a747970653d2274466f726d616c45787072657373696f6e223e3c215b43444154415b247b706173733d3d317d5d5d3e3c2f636f6e646974696f6e45787072657373696f6e3e0d0a202020203c2f73657175656e6365466c6f773e0d0a202020203c73657175656e6365466c6f772069643d227369642d35333235383530322d343345452d344445382d423141342d44424431313932324238414622206e616d653d22e590a62220736f757263655265663d227369642d43323842423546362d303133442d343537302d423433322d36314233383043314634364622207461726765745265663d226d6f64696679223e0d0a2020202020203c636f6e646974696f6e45787072657373696f6e207873693a747970653d2274466f726d616c45787072657373696f6e223e3c215b43444154415b247b706173733d3d307d5d5d3e3c2f636f6e646974696f6e45787072657373696f6e3e0d0a202020203c2f73657175656e6365466c6f773e0d0a202020203c6578636c7573697665476174657761792069643d227369642d35464544303244362d433338382d343843362d383730452d303937444232313331454130222f3e0d0a202020203c73657175656e6365466c6f772069643d227369642d31363344424336302d444243392d343338422d393731412d3637373338464237373135412220736f757263655265663d226d6f6469667922207461726765745265663d227369642d35464544303244362d433338382d343843362d383730452d303937444232313331454130222f3e0d0a202020203c73657175656e6365466c6f772069643d227369642d37323235384134312d323033452d343238432d423731442d43413335303632353244373322206e616d653d22e698af2220736f757263655265663d227369642d43323842423546362d303133442d343537302d423433322d36314233383043314634364622207461726765745265663d22617564697432223e0d0a2020202020203c636f6e646974696f6e45787072657373696f6e207873693a747970653d2274466f726d616c45787072657373696f6e223e3c215b43444154415b247b706173733d3d317d5d5d3e3c2f636f6e646974696f6e45787072657373696f6e3e0d0a202020203c2f73657175656e6365466c6f773e0d0a202020203c73657175656e6365466c6f772069643d227369642d38343438454634412d423632452d343839392d414243322d30453244423241453638333822206e616d653d22e9878de696b0e794b3e8afb72220736f757263655265663d227369642d35464544303244362d433338382d343843362d383730452d30393744423231333145413022207461726765745265663d226175646974223e0d0a2020202020203c636f6e646974696f6e45787072657373696f6e207873693a747970653d2274466f726d616c45787072657373696f6e223e3c215b43444154415b247b706173733d3d317d5d5d3e3c2f636f6e646974696f6e45787072657373696f6e3e0d0a202020203c2f73657175656e6365466c6f773e0d0a202020203c73657175656e6365466c6f772069643d227369642d41373538393038342d343632332d344645412d413737342d30304137304444433144323022206e616d653d22e698af2220736f757263655265663d227369642d45443436464534312d413046442d343936442d383644432d32433937414635373335463022207461726765745265663d22617564697433223e0d0a2020202020203c636f6e646974696f6e45787072657373696f6e207873693a747970653d2274466f726d616c45787072657373696f6e223e3c215b43444154415b247b706173733d3d317d5d5d3e3c2f636f6e646974696f6e45787072657373696f6e3e0d0a202020203c2f73657175656e6365466c6f773e0d0a202020203c73657175656e6365466c6f772069643d227369642d46413631383633362d333730382d344430432d383531342d32394134424238424339323622206e616d653d22e590a62220736f757263655265663d227369642d45443436464534312d413046442d343936442d383644432d32433937414635373335463022207461726765745265663d226d6f64696679223e0d0a2020202020203c636f6e646974696f6e45787072657373696f6e207873693a747970653d2274466f726d616c45787072657373696f6e223e3c215b43444154415b247b706173733d3d307d5d5d3e3c2f636f6e646974696f6e45787072657373696f6e3e0d0a202020203c2f73657175656e6365466c6f773e0d0a202020203c73657175656e6365466c6f772069643d227369642d31353235424646342d334539442d344438412d424638302d31463633414645313632383922206e616d653d22e590a62220736f757263655265663d227369642d46453438354232442d394132332d343233362d424430442d44373838434136453330453422207461726765745265663d226d6f64696679223e0d0a2020202020203c636f6e646974696f6e45787072657373696f6e207873693a747970653d2274466f726d616c45787072657373696f6e223e3c215b43444154415b247b706173733d3d307d5d5d3e3c2f636f6e646974696f6e45787072657373696f6e3e0d0a202020203c2f73657175656e6365466c6f773e0d0a202020203c73657175656e6365466c6f772069643d227369642d33354343384336432d313036372d343339382d393931432d43434639353531313539363522206e616d653d22e590a62220736f757263655265663d227369642d33463533423642442d463846332d343936422d414330382d35303633304244313134373722207461726765745265663d226d6f64696679223e0d0a2020202020203c636f6e646974696f6e45787072657373696f6e207873693a747970653d2274466f726d616c45787072657373696f6e223e3c215b43444154415b247b706173733d3d307d5d5d3e3c2f636f6e646974696f6e45787072657373696f6e3e0d0a202020203c2f73657175656e6365466c6f773e0d0a202020203c73657175656e6365466c6f772069643d227369642d42444230414142322d374535302d344433352d383045452d4345304245434444394635372220736f757263655265663d226170706c795f656e6422207461726765745265663d22656e64222f3e0d0a202020203c73657175656e6365466c6f772069643d227369642d34344146423943312d343035372d344334382d423146322d31454338393741353243423722206e616d653d22e99480e6af812220736f757263655265663d227369642d35464544303244362d433338382d343843362d383730452d30393744423231333145413022207461726765745265663d22656e64223e0d0a2020202020203c636f6e646974696f6e45787072657373696f6e207873693a747970653d2274466f726d616c45787072657373696f6e223e3c215b43444154415b247b706173733d3d307d5d5d3e3c2f636f6e646974696f6e45787072657373696f6e3e0d0a202020203c2f73657175656e6365466c6f773e0d0a20203c2f70726f636573733e0d0a20203c62706d6e64693a42504d4e4469616772616d2069643d2242504d4e4469616772616d5f746573745f6175646974223e0d0a202020203c62706d6e64693a42504d4e506c616e652062706d6e456c656d656e743d22746573745f6175646974222069643d2242504d4e506c616e655f746573745f6175646974223e0d0a2020202020203c62706d6e64693a42504d4e53686170652062706d6e456c656d656e743d227374617274222069643d2242504d4e53686170655f7374617274223e0d0a20202020202020203c6f6d6764633a426f756e6473206865696768743d2233302e30222077696474683d2233302e302220783d2233302e302220793d223234352e30222f3e0d0a2020202020203c2f62706d6e64693a42504d4e53686170653e0d0a2020202020203c62706d6e64693a42504d4e53686170652062706d6e456c656d656e743d22656e64222069643d2242504d4e53686170655f656e64223e0d0a20202020202020203c6f6d6764633a426f756e6473206865696768743d2232382e30222077696474683d2232382e302220783d223937352e302220793d223335362e30222f3e0d0a2020202020203c2f62706d6e64693a42504d4e53686170653e0d0a2020202020203c62706d6e64693a42504d4e53686170652062706d6e456c656d656e743d226d6f64696679222069643d2242504d4e53686170655f6d6f64696679223e0d0a20202020202020203c6f6d6764633a426f756e6473206865696768743d2235382e30222077696474683d223130322e302220783d223230392e302220793d223133352e30222f3e0d0a2020202020203c2f62706d6e64693a42504d4e53686170653e0d0a2020202020203c62706d6e64693a42504d4e53686170652062706d6e456c656d656e743d226175646974222069643d2242504d4e53686170655f6175646974223e0d0a20202020202020203c6f6d6764633a426f756e6473206865696768743d2235372e30222077696474683d2239362e302220783d223130352e302220793d223233312e35222f3e0d0a2020202020203c2f62706d6e64693a42504d4e53686170653e0d0a2020202020203c62706d6e64693a42504d4e53686170652062706d6e456c656d656e743d227369642d43323842423546362d303133442d343537302d423433322d363142333830433146343646222069643d2242504d4e53686170655f7369642d43323842423546362d303133442d343537302d423433322d363142333830433146343646223e0d0a20202020202020203c6f6d6764633a426f756e6473206865696768743d2234302e30222077696474683d2234302e302220783d223234302e302220793d223234302e30222f3e0d0a2020202020203c2f62706d6e64693a42504d4e53686170653e0d0a2020202020203c62706d6e64693a42504d4e53686170652062706d6e456c656d656e743d22617564697432222069643d2242504d4e53686170655f617564697432223e0d0a20202020202020203c6f6d6764633a426f756e6473206865696768743d2238302e30222077696474683d223130302e302220783d223231302e302220793d223333302e30222f3e0d0a2020202020203c2f62706d6e64693a42504d4e53686170653e0d0a2020202020203c62706d6e64693a42504d4e53686170652062706d6e456c656d656e743d227369642d45443436464534312d413046442d343936442d383644432d324339374146353733354630222069643d2242504d4e53686170655f7369642d45443436464534312d413046442d343936442d383644432d324339374146353733354630223e0d0a20202020202020203c6f6d6764633a426f756e6473206865696768743d2234302e30222077696474683d2234302e302220783d223334352e302220793d223335302e30222f3e0d0a2020202020203c2f62706d6e64693a42504d4e53686170653e0d0a2020202020203c62706d6e64693a42504d4e53686170652062706d6e456c656d656e743d22617564697433222069643d2242504d4e53686170655f617564697433223e0d0a20202020202020203c6f6d6764633a426f756e6473206865696768743d2238302e30222077696474683d223130302e302220783d223432302e302220793d223333302e30222f3e0d0a2020202020203c2f62706d6e64693a42504d4e53686170653e0d0a2020202020203c62706d6e64693a42504d4e53686170652062706d6e456c656d656e743d227369642d46453438354232442d394132332d343233362d424430442d443738384341364533304534222069643d2242504d4e53686170655f7369642d46453438354232442d394132332d343233362d424430442d443738384341364533304534223e0d0a20202020202020203c6f6d6764633a426f756e6473206865696768743d2234302e30222077696474683d2234302e302220783d223535352e302220793d223335302e30222f3e0d0a2020202020203c2f62706d6e64693a42504d4e53686170653e0d0a2020202020203c62706d6e64693a42504d4e53686170652062706d6e456c656d656e743d22617564697434222069643d2242504d4e53686170655f617564697434223e0d0a20202020202020203c6f6d6764633a426f756e6473206865696768743d2238302e30222077696474683d223130302e302220783d223633302e302220793d223333302e30222f3e0d0a2020202020203c2f62706d6e64693a42504d4e53686170653e0d0a2020202020203c62706d6e64693a42504d4e53686170652062706d6e456c656d656e743d227369642d33463533423642442d463846332d343936422d414330382d353036333042443131343737222069643d2242504d4e53686170655f7369642d33463533423642442d463846332d343936422d414330382d353036333042443131343737223e0d0a20202020202020203c6f6d6764633a426f756e6473206865696768743d2234302e30222077696474683d2234302e302220783d223736352e302220793d223335302e30222f3e0d0a2020202020203c2f62706d6e64693a42504d4e53686170653e0d0a2020202020203c62706d6e64693a42504d4e53686170652062706d6e456c656d656e743d226170706c795f656e64222069643d2242504d4e53686170655f6170706c795f656e64223e0d0a20202020202020203c6f6d6764633a426f756e6473206865696768743d2238302e30222077696474683d223130302e302220783d223834302e302220793d223333302e30222f3e0d0a2020202020203c2f62706d6e64693a42504d4e53686170653e0d0a2020202020203c62706d6e64693a42504d4e53686170652062706d6e456c656d656e743d227369642d35464544303244362d433338382d343843362d383730452d303937444232313331454130222069643d2242504d4e53686170655f7369642d35464544303244362d433338382d343843362d383730452d303937444232313331454130223e0d0a20202020202020203c6f6d6764633a426f756e6473206865696768743d2234302e30222077696474683d2234302e302220783d223234302e302220793d2234352e30222f3e0d0a2020202020203c2f62706d6e64693a42504d4e53686170653e0d0a2020202020203c62706d6e64693a42504d4e456467652062706d6e456c656d656e743d227369642d33444243443636312d353732302d343438302d383135362d373438424530323735464546222069643d2242504d4e456467655f7369642d33444243443636312d353732302d343438302d383135362d373438424530323735464546223e0d0a20202020202020203c6f6d6764693a776179706f696e7420783d223532302e302220793d223337302e30222f3e0d0a20202020202020203c6f6d6764693a776179706f696e7420783d223535352e302220793d223337302e30222f3e0d0a2020202020203c2f62706d6e64693a42504d4e456467653e0d0a2020202020203c62706d6e64693a42504d4e456467652062706d6e456c656d656e743d227369642d34344146423943312d343035372d344334382d423146322d314543383937413532434237222069643d2242504d4e456467655f7369642d34344146423943312d343035372d344334382d423146322d314543383937413532434237223e0d0a20202020202020203c6f6d6764693a776179706f696e7420783d223238302e302220793d2236352e30222f3e0d0a20202020202020203c6f6d6764693a776179706f696e7420783d223938392e302220793d2236352e30222f3e0d0a20202020202020203c6f6d6764693a776179706f696e7420783d223938392e302220793d223335362e30222f3e0d0a2020202020203c2f62706d6e64693a42504d4e456467653e0d0a2020202020203c62706d6e64693a42504d4e456467652062706d6e456c656d656e743d227369642d38343438454634412d423632452d343839392d414243322d304532444232414536383338222069643d2242504d4e456467655f7369642d38343438454634412d423632452d343839392d414243322d304532444232414536383338223e0d0a20202020202020203c6f6d6764693a776179706f696e7420783d223234302e302220793d2236352e30222f3e0d0a20202020202020203c6f6d6764693a776179706f696e7420783d223135332e302220793d2236352e30222f3e0d0a20202020202020203c6f6d6764693a776179706f696e7420783d223135332e302220793d223233312e35222f3e0d0a2020202020203c2f62706d6e64693a42504d4e456467653e0d0a2020202020203c62706d6e64693a42504d4e456467652062706d6e456c656d656e743d227369642d41373538393038342d343632332d344645412d413737342d303041373044444331443230222069643d2242504d4e456467655f7369642d41373538393038342d343632332d344645412d413737342d303041373044444331443230223e0d0a20202020202020203c6f6d6764693a776179706f696e7420783d223338352e302220793d223337302e30222f3e0d0a20202020202020203c6f6d6764693a776179706f696e7420783d223432302e302220793d223337302e30222f3e0d0a2020202020203c2f62706d6e64693a42504d4e456467653e0d0a2020202020203c62706d6e64693a42504d4e456467652062706d6e456c656d656e743d227369642d33354343384336432d313036372d343339382d393931432d434346393535313135393635222069643d2242504d4e456467655f7369642d33354343384336432d313036372d343339382d393931432d434346393535313135393635223e0d0a20202020202020203c6f6d6764693a776179706f696e7420783d223738352e302220793d223335302e30222f3e0d0a20202020202020203c6f6d6764693a776179706f696e7420783d223738352e302220793d223136342e30222f3e0d0a20202020202020203c6f6d6764693a776179706f696e7420783d223331312e302220793d223136342e30222f3e0d0a2020202020203c2f62706d6e64693a42504d4e456467653e0d0a2020202020203c62706d6e64693a42504d4e456467652062706d6e456c656d656e743d227369642d45463246353142422d314439392d344630422d414346322d423643313330304137443242222069643d2242504d4e456467655f7369642d45463246353142422d314439392d344630422d414346322d423643313330304137443242223e0d0a20202020202020203c6f6d6764693a776179706f696e7420783d223331302e302220793d223337302e30222f3e0d0a20202020202020203c6f6d6764693a776179706f696e7420783d223334352e302220793d223337302e30222f3e0d0a2020202020203c2f62706d6e64693a42504d4e456467653e0d0a2020202020203c62706d6e64693a42504d4e456467652062706d6e456c656d656e743d227369642d37443732333139302d313433322d343131442d413441342d373734323235453534434439222069643d2242504d4e456467655f7369642d37443732333139302d313433322d343131442d413441342d373734323235453534434439223e0d0a20202020202020203c6f6d6764693a776179706f696e7420783d223830352e302220793d223337302e30222f3e0d0a20202020202020203c6f6d6764693a776179706f696e7420783d223834302e302220793d223337302e30222f3e0d0a2020202020203c2f62706d6e64693a42504d4e456467653e0d0a2020202020203c62706d6e64693a42504d4e456467652062706d6e456c656d656e743d227369642d32414237433031412d353045452d344141432d384338462d463645313933354233444137222069643d2242504d4e456467655f7369642d32414237433031412d353045452d344141432d384338462d463645313933354233444137223e0d0a20202020202020203c6f6d6764693a776179706f696e7420783d223230312e302220793d223236302e30222f3e0d0a20202020202020203c6f6d6764693a776179706f696e7420783d223234302e302220793d223236302e30222f3e0d0a2020202020203c2f62706d6e64693a42504d4e456467653e0d0a2020202020203c62706d6e64693a42504d4e456467652062706d6e456c656d656e743d227369642d44343443414434332d303237312d343932302d413532342d394238353333453532353530222069643d2242504d4e456467655f7369642d44343443414434332d303237312d343932302d413532342d394238353333453532353530223e0d0a20202020202020203c6f6d6764693a776179706f696e7420783d223539352e302220793d223337302e30222f3e0d0a20202020202020203c6f6d6764693a776179706f696e7420783d223633302e302220793d223337302e30222f3e0d0a2020202020203c2f62706d6e64693a42504d4e456467653e0d0a2020202020203c62706d6e64693a42504d4e456467652062706d6e456c656d656e743d227369642d46413631383633362d333730382d344430432d383531342d323941344242384243393236222069643d2242504d4e456467655f7369642d46413631383633362d333730382d344430432d383531342d323941344242384243393236223e0d0a20202020202020203c6f6d6764693a776179706f696e7420783d223336352e302220793d223335302e30222f3e0d0a20202020202020203c6f6d6764693a776179706f696e7420783d223336352e302220793d223136342e30222f3e0d0a20202020202020203c6f6d6764693a776179706f696e7420783d223331312e302220793d223136342e30222f3e0d0a2020202020203c2f62706d6e64693a42504d4e456467653e0d0a2020202020203c62706d6e64693a42504d4e456467652062706d6e456c656d656e743d227369642d30324442324144392d313333322d343139382d414338442d323241333531363944313543222069643d2242504d4e456467655f7369642d30324442324144392d313333322d343139382d414338442d323241333531363944313543223e0d0a20202020202020203c6f6d6764693a776179706f696e7420783d223733302e302220793d223337302e30222f3e0d0a20202020202020203c6f6d6764693a776179706f696e7420783d223736352e302220793d223337302e30222f3e0d0a2020202020203c2f62706d6e64693a42504d4e456467653e0d0a2020202020203c62706d6e64693a42504d4e456467652062706d6e456c656d656e743d227369642d33364535304338422d364337432d343936382d423032442d454241413432354246344245222069643d2242504d4e456467655f7369642d33364535304338422d364337432d343936382d423032442d454241413432354246344245223e0d0a20202020202020203c6f6d6764693a776179706f696e7420783d2236302e302220793d223236302e30222f3e0d0a20202020202020203c6f6d6764693a776179706f696e7420783d223130352e302220793d223236302e30222f3e0d0a2020202020203c2f62706d6e64693a42504d4e456467653e0d0a2020202020203c62706d6e64693a42504d4e456467652062706d6e456c656d656e743d227369642d35333235383530322d343345452d344445382d423141342d444244313139323242384146222069643d2242504d4e456467655f7369642d35333235383530322d343345452d344445382d423141342d444244313139323242384146223e0d0a20202020202020203c6f6d6764693a776179706f696e7420783d223236302e302220793d223234302e30222f3e0d0a20202020202020203c6f6d6764693a776179706f696e7420783d223236302e302220793d223139332e30222f3e0d0a2020202020203c2f62706d6e64693a42504d4e456467653e0d0a2020202020203c62706d6e64693a42504d4e456467652062706d6e456c656d656e743d227369642d31363344424336302d444243392d343338422d393731412d363737333846423737313541222069643d2242504d4e456467655f7369642d31363344424336302d444243392d343338422d393731412d363737333846423737313541223e0d0a20202020202020203c6f6d6764693a776179706f696e7420783d223236302e302220793d223133352e30222f3e0d0a20202020202020203c6f6d6764693a776179706f696e7420783d223236302e302220793d2238352e30222f3e0d0a2020202020203c2f62706d6e64693a42504d4e456467653e0d0a2020202020203c62706d6e64693a42504d4e456467652062706d6e456c656d656e743d227369642d42444230414142322d374535302d344433352d383045452d434530424543444439463537222069643d2242504d4e456467655f7369642d42444230414142322d374535302d344433352d383045452d434530424543444439463537223e0d0a20202020202020203c6f6d6764693a776179706f696e7420783d223934302e302220793d223337302e30222f3e0d0a20202020202020203c6f6d6764693a776179706f696e7420783d223937352e302220793d223337302e30222f3e0d0a2020202020203c2f62706d6e64693a42504d4e456467653e0d0a2020202020203c62706d6e64693a42504d4e456467652062706d6e456c656d656e743d227369642d31353235424646342d334539442d344438412d424638302d314636334146453136323839222069643d2242504d4e456467655f7369642d31353235424646342d334539442d344438412d424638302d314636334146453136323839223e0d0a20202020202020203c6f6d6764693a776179706f696e7420783d223537352e302220793d223335302e30222f3e0d0a20202020202020203c6f6d6764693a776179706f696e7420783d223537352e302220793d223136342e30222f3e0d0a20202020202020203c6f6d6764693a776179706f696e7420783d223331312e302220793d223136342e30222f3e0d0a2020202020203c2f62706d6e64693a42504d4e456467653e0d0a2020202020203c62706d6e64693a42504d4e456467652062706d6e456c656d656e743d227369642d37323235384134312d323033452d343238432d423731442d434133353036323532443733222069643d2242504d4e456467655f7369642d37323235384134312d323033452d343238432d423731442d434133353036323532443733223e0d0a20202020202020203c6f6d6764693a776179706f696e7420783d223236302e302220793d223238302e30222f3e0d0a20202020202020203c6f6d6764693a776179706f696e7420783d223236302e302220793d223333302e30222f3e0d0a2020202020203c2f62706d6e64693a42504d4e456467653e0d0a202020203c2f62706d6e64693a42504d4e506c616e653e0d0a20203c2f62706d6e64693a42504d4e4469616772616d3e0d0a3c2f646566696e6974696f6e733e, '0'), ('97cbefde6fed429a9fea5d6f5446a97a', '1', 'test_audit.png', 'b077a77155804c44bade007645473ea9', 0x89504e470d0a1a0a0000000d49484452000003dc0000017c08060000003dd3b3da000053e24944415478daeddd0b7c54f59dffff53a08ab7bf68a9cbb2fc6cea6581d5ae5a31868b17349658a0e2ad4b5d8aac525656a922d40b5a2fc0221a318518110c1711630ac4809186909a442e4908e112638c3166a5980245c4d218631ce3f77f3edf39e730339949324998cc4c5ecfc7e3f3c85cce5c32e7fb3e733e73ce9c310c000000000000000000000000000000000000000000000080eea70f2f0100000000009d2bc12c65fd0500000000009d20deac2fcc4ab2fe8ee1250100000000a0739a6dbbc9962ddc9fd1740300000000d079cd766b970300000000805624b4d254dbd7f39d6e0000000000826cb65b6ba6d9d20d00000000401bc51bc16db90e767a0000000000ba6db33da61db7aba3e90600000000a0f39aedceba3d000000000051a7b503a485fa7e0000000000889a66bbb37607674b3700000000a0dbf33de0d9f7ccbad3fa1b0cdfdb7120350000000040b76fb6c77834cdcbcc52d6dfb636dd816e47d30d00000000e8f6cdb6b8d36a9a55104db767b36dd7448febf94e3700000000a0db08d404fb6b9e5b6abafd4d9fea677abed30d00000000e836cd7642104db4bfa6bbadcdb66fd3cdeee50000000080a8d3d6a6b7b5a63bd866dbf3f13f33d8d20d0000000088c266bbadcd6ea0a6bb473b9b6d1bdfe9060000000074db66bba5a6bbaa03cd76479f0f000000000061a3a35b94fd35dd1d69b67d9b6ebed30d000000005d2cceacc7cdca366ba7d5ac29aa4d95d4c1d75e7623f7ddb25d655dde1149cc1b8aa2288aa2282acaaaceac6ab372cd7ac6706f68ea453b8770d4d71aa49f9a5564d61cb3c69975b1597d7879daa4b5a392b7a6a52ddc6df99dee40d8c20d00008068247dca20c3bd87a9f4325bcd3a68b83736f5e3e541b8986c35da8bcdba8097a343a4b9ad334ecc77b8dbd374f31d6e000000742703cc4ab6d68167f272a02bc9ee166f98956fb8b764a3f39aee60b62807fae92f7f47290fa6e9e628e5000000e8ae64cb77b9e1fe9aece9bc1ce80ad26c67197ccfe14436ddad35bbadfdce766bbfd31dc81083dfe106000040f7d6c7ea77b2e979106ab21b793e03ef846a6d0b736bcdb6d1cea6dbdead7d1cb30000000034dd7a4bf723bc14081539409a7c679bddc84fbc405bbadbda6c07db74db8f47b30d000000b8c9eee5b2f72707524348c811fc9279194226c168be7bf79d46f0bfb3edafe99ee8f3387c671b000000684efa9f245e0684826cdde668e4a16fba3d0fa4e6d93cb7a5d9365ab91d3ffd050000000426472f979f0ce32bb538a1e20cf7ef6c23f47c772f976679a211fc4f7df9deaea3bfff0d00000074075b5967c689f69459737819c2a6e9ee287fbbab03000000684efaa06778197022c921f139a0567434dd9dddbc03000000d14cd69b7379197022ed34383a7938e8e86ee0ec460e00000004478e565ecdcb8013499ab43ebc0c61d57407bb859a03a401000000c1933ea88e97012792e225082bc1ee16ce6ee400000000fd101860e8e4267a88e1fe448eefe003000000f4436080a18d12ac663aa185eb3fa3d906000000e887c00043f0026de9663772000000807e080c307472d34db30d000000d00f8101864e6eba9368b601000000fa2130c0d0b9a659f38a9ffe02000000e887c0004327cab2e6552f5e0a000000807e080c30748e38b35c065bb801000000fa2130c0d0a932adf924b5939703000000a01f02030c1d37c438be75db2e0e9a06000000d00f8101860ecaf269b6edaddc7c971b000000a01f02030cede46febb65de3787900000000fa2130c0d03ed9019a6da9225e1e000000807e080c3004afa5addb7c971b000000a01f02030ced94d54ab3cd11cb01000000fa2130c0c0bc0200000058c706030ccc2b00000080756c8001c6bc02000000c03a361860605e01000000ac63830106e615000000c03a36c000635e01000000601d1b0c3030af00000000d6b1c10003f30a000000601d1b608031af00000000b08e0d0618985700000000ebd86080817905000000b08e0d30c098570000000058c706030ccc2b00000080756c30c0c0bc0200000058c7061860cc2b00000000ac63830106e615000000c03a361860605e01000000ac63030c30e61500000000d6b1c10003f30a000000601d1b0c3030af00000000d6b1010618f30a00000000ebd86080817905000000b08e0d0618985700000000ebd800038c7905000000b08e0d30c09857bc0400000000ebd86080817905000000b08e0d0618985700000000ebd800038c790500000080756c30c0c0bc0200000058c706030ccc2b00000080756c8001c6bc02000000c03a361860605e01000000ac63830106e615000000c03a36c000635e01000000601d1b0c3030af00000000d6b1c10003f30a000000601d1b608031af00000000b08e0d0618985700000000ebd86080817905000000b08e0d30c098570000000058c706032ca4ffb052bd535252664e9c38716f6c6c6c43efdebd95f53a509d503d7bf6fceefcf3cfff6cf8f0e11bcdbf238918000000e887c000eb06962d5b76cfc89123eb636262d49c39b3557e7e9e6a68f8caecc1bfa33aa9e4f52c2a2a548989cfa981030736f6efdf7faff9d25f4cd4000000403f040658944a4d7d657dbf7efd5452d20bcae56a349bc3262a04959cbc48f5e9d3e7ab534f3df526e206000000fa2130c0a2b0d9bee0820b5451d176b309fc960a71959797a9be7dfbfec39c1563881c000000e887c0008b12cb962dbd47b66c17156d339b3f97572d5dfa921a3326418d1a75bdbafefa6bd40df12355f2a2a466d3511daff2f2bdea94534ef9c260f772000000d00f81011605ff9c52bd478ebca63e29e979f3e4375eb562f95235fae7a3d4adb78cd53576cc8d2a3efe5a3574e8156a916ebabfa13ab91213e77fdeab57af3c6207000000fa2130c0225c4acac29931313f522e57bdd9f0357a55c2a878dd68df70c348a77ef6b3ebd4f061579a4d776cb3e9a9cea9b3cf3efb5373d6c4113d000000d00f810116c1264e9cb077ce9c27cd46efeb663562789c7a61c17c95f556864a7931496fd9be6ac4507db99c76b9bef47b3baa63356ddabd3bcd599348f4000000403f040658048b8d1dd2909f9f63367a0dcdeaeebb27aa837ffd546dddf28ecafed306b5ead554b53e738dfab8fa43f53f5327ab6fbffdd2efeda88ed5bbefe61e3067cd4ea207000000fa2130c02258efdebd5543c3e766a357dfac1e9bf5902a2edaa276146f55bb7795e892d33b766c578f3df690dfdb501d2f991fe6ac71113d000000d00f810116e1ff9f525f362b97ebef6ad6ac996aca6f26a992924255fede1e5dbb76ed50d3eefb6f35e3c1fbd4d75f7feef7b654c78b051b000000e887c0008b8a86bbceab1a1b3f57ebd6bda662637faaaa3faa540f4ebfcfab4a4b8bd590cb2f55afaf4e550d0d9f35bb3dd5f162c106000000fa2130c0a2a2e1fe8753df7d774cbdb5215d0d1b1aab6aaaabd47b65bb55eee68d2af3cd3faab4d757aad4575e329bf134bd7bf995575eaed2d357a86fbffdc2eb3ea88e170b36000000d00f810116150df731a7b66ed9a47f6b5b9aecbcbccdeacd8c74dd68af58be44bdbc78914a7ae159f5ccbca7f501d416bfb4505d7bcd08b5f1ed355ef74175bc58b0010000807e080cb0a868b8ffeed463b37ea78f442e8df5b2d4c5ba96bc9cac92172d50cf27ce53ff3bf749f5c4ef1f513367fc563df9c4a366b39da97e37f37eaffba03a5e2cd8000000403f0406585434dc5f38250db7fc04d8edb7ddacde487b5537dad27c3f3b7f8e9a3be709f5dcb37375d32d4df898d1096a73cedb56c3fd05d589c5820d000000f44360804545c37dd4a9bd7bb7a9471f99a17e79fb38dd50cbaee4fe2a2e6e88faf584f17a6b7769e9bb5ef74175bc58b0010000807e080cb0a868b83ff72ad7377f535f7ef9a94a7cee699530ea3a3562f8956ae8d02b54dc9543d450b3d1bee6eae1ea81fbef51c78efd454feb7b7baae3c5820d000000f44360804545c37d840ab362c106000000fa2130c0a2a2e1fe8c0ab362c106000000fa2130c0a2a2e13e4c8559b16003000000fd10186051d170ff8d0ab362c106000000fa2130c0a2a2e13e448559b16003000000fd10186051d1701fa4c2ac58b0010000807e080cb0a868b80f5061566d18774f98d5403c010000403f0406585837dc7fa5c2ac5a1877d2687f6d5dcfc20f000000f44360808577c35debb7e4ba850b67abc4c4c775eddb57ac2f2b29d918f036c196dc5f6666aa733a27e7757dbaba7a5bc0db9497bfa3f6ecc9f17a1ebecf4bcecf9a35add963cd9f3f4b9f3e74688fd77555555bf4f5478e94377bbcdadad26697555616e8e96b6a0af5f90d1b96ab33ce38bdddffbbbfeb5a69b469b8010000403f040658f837dc9ffaade30da1f76559592bbc2ebbf9e6043579f2afcc86bc48979cbef7de3b9df3729bb9731f72a6efd9b3a74a4e9ee35ce76ee6dda7cbcbff6c36ce6fab33cf3c434f5b5dbd553f9edd606edcf8aa1a3ffe176ac2845bf469b9acb676a7fe2bd37a3ecf952b5f704eefdfbf43ffadaccc5705056bf569794ccfe967cf9ea98e1e7d5fffcf727eca94ff741ec3be2fcfe91f7ffcb75ee72fbffc277afad1a3afd7cfcfbeeec61b47aae9d37fa31fefdc73ff45cd9831c56cf0dfd5b7a9a8c80bf8da5bf3679ee1de755c0528000000807e080cb0f06db8f7fb2dbba94c4c7c4c97dd146fd9b22ee06da42ebcf0c72a36f6d216a7b1ef5f9acfc387f7e8f3070e94eabf7979e9fabafafa2a7d5e1e5bce9f724a6fdd7c8f1d1b6f36c37798cded4a7df9b1631f585bb8b3d4a143bb9dcb972c99af9f4b46c612b560c1eff565757595fa6f41c11ae77948132e973535edd37fabaadc5bafe5f9ac59b3586dd8b0cceb79dbd36567af52a5a51b556e6e9a7ece725efe17fbb1fdfdcff23fc8eb77ce393f50c3865dae9fabfd7cf7ef2ff67a6d0cff5bb469b8010000403f040658e434dc7f695665659bd49e3dd9aab1f163afaaaddda11b447fb7b1eb78c3edfffa82823faa6baf8d533939afa9949439eab4d34e359be60a75f2c927a93beeb8c96c62df369bda4f9ce9ede652a6adabfb40a5a7bfa8060e3c4f2d5cf894be5ca67737d31f78dd46a697d32e578d2a2fdfac2f4b4d7d4e3f5645c59ff575870eedd297a7a52d5283075fa09b79fbf6f6fdcaeb20a7edfb5eb52ac9dafabf54dd7cf328e771ece7939bfb7ac0ff5db6dccbf5329dbcc6f663c97d794ed786469ba2288aa22877d599b5c7ac6cb39e312bdeac5eacc202f44360808549c3bdaf592d59324f5d74d1bfaa2d5bd6a8d5abffa0aebb6e989a3dfb417d5e6e5358f8a6dfdb49b91bee4b025e2f65e82dc9ee2dcbf3e63da48e1cd963ed1e5eacaf97f39ed326253da1060cf867b3a9ae50c9c94febcba64e9d607d57fb5ebd9bba3d7d6363b5f3265c5d5da0b2b296a98d1b5778955cb76ddb3a3d7d76f6abaaa6668bd7e31b7a2bf81ff56dfbf63d5b6f8d96cb8f1e2d536bd6a4e8867ffaf4bb557cfc087dd94f7e32488d1e7d9dbe6f792ef2e1815c6edf974c27d7c5c40c50975c32d86cba577b3d965ce7fbfa58f3e715b3be35c2730b771fb3069935c6acc7cdca35eba0594966f563d101049d236914b6922380f723807e080cb0a86ab83f695672f95d77fd529f4e4b5ba8b7427b5e9799b9c4efeda42ebc30c66ab89b5f575fff81f55de7e5fa7e648bb69c2e2bcb76eef7acb3ced4bb5cefdf5fe83c9e34a90505e9bad996a6559adb55ab5eb0be8bbdcdf92bd3a7a6ceb7b64c6fb41aebb57eff3ffb7f387a74aff57deacdfa7c6d6d91f3dcec6957af4ed2a70f1fdee55c26cdf88d375eab1f4f2e5bb8f049dd6837347ca8ff4fcfc7cac858ec9c970f0d9a9a6a9c0f040cfdddf59c66cfcf673ebd1aa0f10e3703aca6415674ee61f101b43b47c9667d61d64c5e0e80f723807e080cb0886eb8ffaf59b91beedb9dd3d3a7dfe5755d66e6cb7e6f2775bce1f67f7d71f19bfaf676232bbb725757bbb776bb5cd5cdee5fce2f5e2cbb93bfaf0e1c2856e9e98bcca6fd625553e36e560f1d2ab1bec3bdde6c643f562929b3ad03a4e5eadb6fd8b05437f59326dda6cb6ef6e5fa86864aa77995e90a0bd7a98b2eba5037e9ee263cc76ae6b7367b7dc68ebd5edd7a6b82d92c6fd2fff39123bb5476f60aeb68ebaf7a4deb6eb8bd5f87c4c447f5070b5959a97e5fff00f3cb778b77b8922d0db28561ad59a7b31801da9da372c3bd9b2c3902783f02e887c0008bcc86bba65919fa27c19e50f5f5ef5b074a4b379bd03566435b6d36accbfcdec6aee30db7ffeb6b6b0bd5f2e5cf5a3fd3f590d96ce7a9f3cefb7f6aeedc079dc77637dcc79f4b72f293baa1ddb76f8b6eb8e5b2c6c60fadadc479d62ee0696613bdd96cda3fb29af917023e07cfc73876accc795e72ff863e605a91d948675bdf057fdaefeda5e1b6ff4f795cf97ef61d77fc42df56ae5fb0609633ad5c7ff4e86e75d965ffa666cf9eae2f97d7d4d0dff95ee5f7fe5b996ff616ef7026df9fcbb2567200b44f1f2b47d906df4905783f02e887c0008bc486fb63bf75e448a9f5b35d8fe8f315159b9cadc10d0d15fab2c3874bd44d37c5eb9a3265bcd93cbeaab7da9e7b6e7f7d5a2a2d2dc93a08d97a7d1b437f577abbd52cbfa31b5a431f25fc23e7faccccc5cef390f3c386fdd46cf4535546468a4a4d7d463f867d9ddc87a177f15eea759bf2f23fa9c2c2b5ba09969a34e9565d723fee2638c76c82dd074debd7ef87aaaccc7d90b4bcbcd5cef35bbc78b6b5f57b89d76b63e803b03d6336fd95fab9dd7bef0475e850b19a376fa6fafef77be9fbf29c566ad5aae79dff511e431e535e1ffb317def3f8a567264cb02bbf3011d6bba654bf723bc1400ef4700fd10186011d770577b554ece0addbcf6ef7f8ed974ef6c76bddc66dab489cef98686f79b4d13a81a1b3fd0d3cbfdcbfd1c3ebcc36a385ff3ba7f77f37cfc7c4949863eed727d681de13b4b9f6f6aaa72a6292878ddeb360b163caaa7f7f73ce4fae2e275faf4be7d05faaf7c77bca6264fdfcfe0c1e73bd3ca63b93f30c8f4bafd810385faba6ddbd2d5e8d1d7aa5b6f1de5f7f1e4b9db97575464ababafbe4237f2bef7bf7af502affb8fa23126bbf37d6a70e01aa0a339fa8c1c01bc1f01f4436080455cc3fd51445553d3879d324da89e4b7ba68fc2712707ae496271027448323902783f02e887c0008bb886bb8a0ab38ac27127478b9523c5f21d54801c01e408a01f02ba53c3fd21156615a5e34ebe3b97c02205e890ade408e0fd08a01f02032ca21aee4a2acc2a4ac7dde3867b573e00ed37871c01bc1f01f44360804554c3fd01156615a5e36e8ce1fe6923001dcb512e2f03c0fb11403f040658c434dc15549855948e3b393aec1e162940877354cdcb00f07e04d00f810116310df7fb549855948e3bf92de13a1629003902c811403f0474a386bb9c0ab38ae271c7021b2047003902c80bd09d1aeef7a8302b1a6e00e4082047007901032c2a1aee322acc8a861b003902c811405ec0008b8a867b2f156645c30d801c01e408202f60804545c3bd870ab3a2e106408e007204901730c0a2a2e1de4d8559d170032047003902c80b186011eee4934ffaaea1a1c86cf2765161525f7d55b8cf9c352ef204801c01e408202f608045b0c1837f7c283f7f89d9e895526152ebd73fffb6396b76922700e4082047007901032c825d75d565ebe6cc994aa31b463576ec5569e6ac49244f00c811408e00f2020658041b30e007b103069cf38dcbb58366373cea931e3d7a5498b3268e3c012047003902c80b186011ae7fff1f9626253d48b31b063566cc554bcd59924b9e009023801c01e4050cb0e830e8cc334fab2f2a5a41d3db85959fbf74bd392f0e9a75317902408e007204901730c0a247fc39e79cfd779aeeae6bb67bf4e85163ce8731e409003902c811405ec0008bc2a6fba493be7f6cdebcfb3ee73bdda1fbceb6b51bf9c16ed06cb3c006c811408e00f20274eb0136a867cfefe59c7efaa987a74cb965f7a64d2f1e6c6828a431eec4faeaabedfbe4a7bfe468e4d601d2e43bdb17932700e408204700790103ac7bb8d4ac39666d35abc17a1da8ce2997e1fe9d6df9e9af38f204801c01e408202f6080219c6559f3aa172f057902c811007204901730c0d039642bb1cb9a5709bc1ce409204700c811405ec00043e7c8348eefaebd9397833c01e408003902c80b1860e8b821c6f1addb768de165214f003902408e00f20206183a26cb687e5032d9cacd77b9c913408e00902380bc80018676f2b775dbae71bc3ce409204700c811405ec00043fb641b817f7aab8897873c01e408003902c80b1860085e4b5bb7f92e377902c811007204901730c0d04e59ad34db1cb19c3c01e408003902c80b1860605e318f009023801c01e4050c3030afc03c02c811408e00f20230c09857601e01e408003902c80b1860605e318f009023801c01e4050c3030afc03c02c811408e00f20230c09857601e01e408003902c80b1860605e318f009023801c01e4050c3030afc03c02c811408e00f20230c09857601e01e408204700c80b1860605e318f009023801c01e4050c3030afc03c02c811408e00f20230c09857601e01e408204700c80b1860605e318f009023801c01e4050c3030afc03c02c811408e00f20230c09857601e01e408204700c80b1860605e318f007204801c01e4050c3030afc03c02c811408e00f20230c09857601e01e408204700c80b4e882c6b40b5543b799958188079049023801c01e40508ce10b35cad34dc63789958188079049023801c01e405085e760bcd769159bd788958188079049023801c01e40508de90161aee71bc3c2c0cc03c02c811408e00f202b49fbfef72cb77b7d9bacdc200cc23801c01e408202f4007f8fb2e37dfdd666100e611408e0072049017a013641a6cdd666100e611408e0072049017a0d3c57934dc09bc1c2c0cc03c02c811408e00f202741efbbbdc6cdd666100e611408e0072049017a0130d6180b13000f3082047003902c80b22678e29d53b252565e6c48913f7c6c6c636f4eedd3bd0cf70512d54cf9e3dbf3bfffcf33f1b3e7cf846f3ef4846160b03e611408e00902380bc7463cb962dbb67e4c891f53131316ace9cd92a3f3f4f35347c65f6e0df514196bc6e4545852a31f1393570e0c0c6fefdfbef355fe28b5918807904902300e408202fdd4c6aea2bebfbf5eba792925e502e57a3d93436519d58c9c98b549f3e7dbe3af5d4536f626100e611408e00902380bc74a366fb820b2e504545dbcde6f05bea0455797999eadbb7ef3f8ceef9bbe12c0c9847003902408e00f2d2bd2c5bb6f41ed9b25d54b4cd6c0a5d5eb574e94b6acc9804356ad4f5eafaebaf5137c48f54c98b929a4d47b5bdcacbf7aa534e39e50ba3fbed5ecec2807904902300e408202fdd68ee28d57be4c86bea93929e374f7ee3552b962f55a37f3e4add7acb585d63c7dca8e2e3af5543875ea116e9a6fb1baa9d959838fff35ebd7ae5b13000f308204700c811405ea2544acac29931313f522e57bdd908367a55c2a878dd68df70c348a77ef6b3ebd4f061579a4d776cb3e9a9e0eaecb3cffed49c05712c0cc03c02c8110072049097283471e284bd73e63c6936805f37ab11c3e3d40b0be6abacb73254ca8b497acbf6552386eacbe5b4cbf5a5dfdb516dab69d3eedd69ce82441606601e01e408003902c84b148a8d1dd2909f9f6336800dcdeaeebb27aa837ffd546dddf28ecafed306b5ead554b53e738dfab8fa43f53f5327ab6fbffdd2efeda8b6d5bbefe61e3067c14e1606601e01e408003902c84b14eaddbbb76a68f8dc6c00eb9bd563b31e52c5455bd48ee2ad6af7ae125d727ac78eedeab1c71ef27b1baaed25afbb390b5cdd64a825580b830452c7021b204700c811405ebacd0c52eacb66e572fd5dcd9a35534df9cd24555252a8cadfdba36bd7ae1d6ada7dffad663c789ffafaebcffdde966a7b759380c49b2547654fb2fe8e21762cb0017204801c01e4a59b34dc755ed5d8f8b95ab7ee35151bfb5355fd51a57a70fa7d5e555a5aac865c7ea97a7d75aa6a68f8acd9eda9b657370848bc4f932d5bb83fa3e966810d902300e408202fdda4e1fe8753df7d774cbdb5215d0d1b1aab6aaaabd47b65bb55eee68d2af3cd3faab4d757aad4575e329bf134bd7bf995575eaed2d357a86fbffdc2eb3ea8b6579407c4b7d96eed72b0c006c8110072049097686bb88f39b575cb26fd5bdbd264e7e56d566f66a4eb467bc5f225eae5c58b54d20bcfaa67e63dad0fa0b6f8a585eada6b46a88d6faff1ba0faaed15c5014968a5a9b6afe73bdd2cb0017204801c01519a970166dd67d65ab3aacdaab39e7083599f989569d64c6bba286eb8ffeed463b37ea78f442e8df5b2d4c5ba96bc9cac92172d50cf27ce53ff3bf749f5c4ef1f513367fc563df9c4a366b39da97e37f37eaffba0da5e51fa86d2d6669a2ddd2cb0017204801c015198977166e55a4df62b66dd66d620b34eb7ae97bf31562390644d976fd684e86cb8bf704a1a6ef909b0db6fbb59bd91f6aa6eb4a5f97e76fe1c3577ce13eab967e7eaa65b9af031a313d4e69cb7ad86fb0baa1d15856f28f146705bae839d1eace000e408204700c2342fd244679b556e35d3bd82b8ad3404f29bc95bcdba20ba1aeea34eedddbb4d3dfac80cf5cbdbc7e9865a7625f757717143d4af278cd75bbb4b4bdff5ba0faaed15656f28eddd622db7aba3e966810d902300e40888dcbc8c37eba0e1de45bc5707eee73eeb7ea2656bb7d9f87dee55ae6ffea6befcf25395f8dcd32a61d4756ac4f02bd5d0a157a8b82b87a8a166a37dcdd5c3d503f7dfa38e1dfb8b9ed6f7f654db2b8ade503aba7b38bb97b3c006c81100720444685e64255ebe931dd749f777a9757f93a3a3e13e42755145c91b4a6b07480bf5fd80151c801c01e408202f2132de6a8e633af97e63acfb8df42ddd66e3f719d54515056f289d7db471b674b38203902300e4088890bc48532cbb7fc79da0fbbfd4baff4191dd701fa6baa822fc0dc5f78067df33eb4eeb6f307c6fc781d458c101c811408e0044405ee448e4334ff063c877bab74676c3fd37aa8b2a82df507cb7444bb3bcccfa7f9605d17407ba1d4d372b38003902c8118030ce8bfcf4971c8dbc77081e6b8f11b9bb969b8ddf21aa8b2a42df50fcedf67da7f5bfa8209a6ecf66dbae891ed7f39d6e5670007204902300619a97dc10aea84b0312a95bb9cdc6ef20d54515816f28819a607fcd734b4db7bfe953fd4ccf77ba59c101c811408e0084595e0618ee039af50ae163561b9d7f60b68e7ee030a26d0df701aa8baa8b02d2d6b111a8d94e08a289f6d774b7b5d9f66dbad9bd9c151c801c01e4084018e445be57bd38c48f99689cf8ef8b07fbc22babb98a6bb9e1fe6b874aee23337399733a27274d9faeaede1ef036e5e5efa83d7b36ab92928d5ef7e379deae7dfb76a8934f3ea94dcf63fcf89b9a5db666cd12bfd36767af56679e7946bbffe79494799df2da85f1d8684fd3db5ad31d6cb3edf9f89f196ce96605072047003902d0e579596bd66d217e4c6904b2c2b0e1b62bdbf0bf55d36cfc6a83ae9e3d7baae4e43966335cacef3f31f171e7b434d3d238bb9bd95ab3f1dea6b2b2563acf65e3c655ba319e30e1167d5a2eabad2dd57f655a7f8f27d79d724aef80cfe7d0a13d7a9a0103fe59df67fffeffa4d2d25e349be2ff55175df4afcee31c3b56d9ec7e2b2af2544d4da19ee6d65b7fae264ffe95337d7171969eaeb07083be6cd2a45feabff23871713fd5a7a5366c58aece3befdca05fc72e6eb85b1b1bbecd765b9bdd404d778f7636db36bed3cd0a0e408e007204200cf222bb775f10e2c78c31ebd3306eb83db76a8ef06eb83f6d77c9ed67cc98a20e1fdeabcf1f38b04bffcdcbfba3beaebefe237d5e1a72bb69ceca5aa1c68ebd414d99f29f66b3faaad3081b7a0bf7db7afaf2f23febe6574aa691e6b95fbf1feac7b26f3371e26d7a5a97eb13ddf0ca6969b40b0bd7ab6baf1daae6cd7bd8798ed278dbcff9c891f7d4b06143f4fdd8cfcb7ede86de5a9fea9ccec858ea9c5eb366b1731fb2c55d6e6b9ffffef77ba9c71fff6dbb5ebf301e1bed69b65b6abaab3ad06c77f4f980151c801c01e408202f9da4ceacd343fc98f2780d11d0707b6ed58c7337dcfb83ae828235baa9cdc9596d36b373d569a79d6a36cd1fe846f48e3bc6a9d2d28daaa9699f33bdfdb8326d5d5da54a4f4f5103079eaf162e7c5a5f2ed3cb5fb9cedfe35d78e18f556ceca5019f8f3ceee8d1d7a949936e371be9956af1e2797a0bb434e8f66572ff6969c9ce6de4f9c9659595f9aaac2cc76cdcff4f9fcfce5ee53c67799e72baa1a15a9597e79acd7a992eb96ee5ca17f4e99a9a6dbad16fcfeb18660db7efd8e8e816657f4d77479a6ddfa69bef74b382039023801c01e4a51b8554456229f5977695dcb6aa2a5fff9d37ef21b3f9dc6bed1ebe435f2fe73da74d4a7a42ef8a5d57f7814a4e9ead2f9b3af5d7faefac59f7e9ddd4033dd6f186bbf975f6e3eedf5fa4ff8e1d1bef34d95959cbf58701fbf615aa8a8a3f7bddee8927eed75bdc6fbf7db4dab265adaaae7e57dffed0a15dce73cec858e2f53fa4a52d528d8d1f5b5bc297ead3d9d9afeac768ef6b18e695d4c14cc86ee4be5bb6abaccb3b22c9baaf3e2c6359c101c811408e00f2125a6ce10edc40ed34dc5b2ced23b89b8ddfbea0aabebe525d7ef94fcc867685becf3beeb8499f2e2bdbe434a2679d75a63ae79c1fe826586e23975f72c9605550f047b3d97e5ac5c40cd05ba457ad7a415fb76fdf76e7affd38dbb6ad5393278f57b9b9abf5eee452f238cb9727ea695dae8f9b3d37fbf1edf38d8dd5fa32b90fdfe92a2a729dd7e5e8d132b3a1bf44c5c78ff09a2623e365aff323465ce1fcdff2dce4b46cddbef9e65141bf8ef67d86f1d868eda8e4ad69690b775b7ea73b10b670b382039023801c01e8c2bcf01deed69b29e378c3fd49d0555c9c6936b64bf47daf5e9da4060fbe40555717388db0bbf15de24c2fe7172f96ddc92bd481033b547a7ab26eda6b6aecadca3badef706f706ed3d8f89173fac20b637443dcdaf392fb90e9264dbacd6c8697abacac65ea8c334ef39a66dfbe6dfabea50c7d54f5552a2f2fcd6af8b7398f6de8ddcb577addb7fd3f19fae06fcbf56969e6dd07880bfe750c93863bd0d8b09bdb3ae3c47c87bb3d4d37dfe16605072047003902d0c579e128e5c79b9a22b3c619817f93dc6cfcfe2fe8aaad2d54cb973fa71f63fefc87cc663b5f1fa57beedc19fa7a7773fab233bd9c4f4e7e4a1d39b2cb6c6ab79a0df7227d59636395757472f7aee905056ff87dbce30d77cbcf4beee3e187efd18f6197bb715ed16c5afbb16b6a0ad4e1c3a5cef390ebaaaade71aef3bceff8f8e1bad136f416eeffd0a7fbf63d4bcd9831b95daf631737dcad8d0ddf26b7ad5b9403fdf497bfa39407d37473947256700072049023006190177e87bbe5ad963e0d774dd065e8ef6a175a4d6a9e4a49711ffcaca9a9dab9dedd701f9f7ed830f919ad652a23e325959afa8cdee5dcbe4eee43fe6665bde2f7f18e37dceef32ed747d6aee0bb9b3d2fcfc7b52ff377bff5f5ef5b5bb5b758df01dfa69f875c2ebbbccbf36de9ff97ffa53daf9deffd84f1d8f0d774b7d6ecb6f63bdbadfd4e7720430c7e879b151c801c01e4084058e46580599f04d9507494ecc61e13893348a98f83aac6c64ad5d0506136b14b75c374f87089fe9b97b7da99c6dde42ef53a5f52f2a63eed72b9b72c9795bdadcf37357de44c5350906636bce5eae69b7fa6e6ce7d5025263e6236c4efaaa953ff534d9b36519f962a2c5cab4e3bed1475ecd85eafe76638bb94dfaa6be3c654aba17fa7d9ff5157f79e75e0b6ffd4cfc97e2ef26180efffe35b86de6abe3ce8d7cedffd44d058696d0b736bcdb6d1cea6dbdead7d1ccb535670007204902300e191975c23745bc3a421d81aa93348a9ea905753535544ddef897a9c087c4309b4a5bbadcd76b04db7fd7834dbace000e408204700c2282fb2825e6e84662bb7eca23b21721bee8fa82eaa087d43912dddbebb77df6904ff3bdbfe9aee893e8fc377b659c101c811408e0084695ef28d13ffbd6af9bef85623b4bbaf7772c35d45755145f01b8aef4f867936cf6d69b68d566ec74f7fb182039023801c0108f3bcc49875d0acb81374ff975af73f28926790521f525d5411fe86e2bb7bb934cb138de07feacbf7761dfdfd6fb082039023801c01e42544c61bee03a8c59c80665eee7742a4cf20a52aa92eaa287843e9ecdfc5f6b7bb3a58c101c811408e0084715e2659cd71676de9bed4babf47a2610629f501d54515256f289dd5747776f30e5670007204902380bc84886ce9962d67f29dee8e7cdf5abeb37dd06ae2a36206295541755145d11b4a47770367377216d8003902408e8008cf4b8ce1feb9b0f276acd8cbd6b722c37d80b441d13483947a9feaa28ab23794f61e559c03a4b1c006c81100720444515e6eb31a6fd92d7cb1e1fe09b10bcc3addbafe74ab39970620d1ac6aabd19e6444eed1c85b68b8cba92eaa287c430976b770762367810d902300e40888d2bc0c30eb01b3d65acd7783f584e5efa7666519ee5dd063a2790629f51ed54515a56f286d6da2879855677de00516d8003902408e00f2128d0d7719d54515c50149b09ae98416aeff8c669b0536408e00902380bc4479c3bd97eaa28af28004dad2cd6ee42cb0017204801c01e4a5bb34dc7ba82eaa6e1010dfe69a669b0536408e00902380bc740f279f7cd2770d0dc566f3b79b0a717df555e13e7316b8bac130b39bec249a6d16d8003902408e00f2d26d0c1efce343f9f94bcd06701715e25abffe85b7cd59b0b39b0cb5046b61c04f7fb1c006c8110072049097eee1aaab2e5b3767ce54b3012ca5425c63c75e9566b87f768e85019847003902408e00f2126d060cf841ec8001e77ce372eda0090e6d7dd2a3478f0a7316c4b13000f308204700c811405ea254fffe3f2c4d4a7a902638843566cc554bcd973e9785019847003902408e00f212dd069d79e669f545452b68864350f9f94bd79baff941b32e666100e611408e00902380bc44bff873ce39fbef34dd27bed9eed1a3478dd13d8fd4cdc2807904902300e408202fddb7e93ee9a4ef1f9b37efbecff94e77e77f67dbda8dfca0d17d7f168b8501f308204700c811405ebab5413d7b7e2fe7f4d34f3d3c65ca2dbb376d7af1604343210d733beaabafb6ef5bbffef9b7e568e4d601d2e43bdb17b33000f308204700c811405ebab74bcd9a63d656b31aac194905572ec3fd3bdbf2d35f710c291606cc23801c012047007901c0c2807904801c01e408202f0058188079049023801c01e405000b03308f007204801c01e405000b03e611007204902380bc00606100e611408e0072049017002c0cc03c02c8110072049017002c0c984700c811408e00f2028085019847003902c811405e00b03000f308204700c811405e00b030601e012047003902c80b001606601e01e4082047007901c0c200cc23801c012047007901c0c2807904801c01e408202f0058188079049023801c01e405000b03308f007204902300e405000b03e611007204902380bc00606100e611408e0072049017002c0cc03c02c811408e009017002c0c984700c811408e00f2028085019847003902c811405e00b03000f3082047003902405e00b030601e01e408003902c80b001606601e01e4082047007901c0c200cc23801c01e408007901c0c2807904902300e408202f005818308f7809007204902380bc00606100e611408e0072049017006061c03c02c8110072049017002c0c984700c811408e00f2028085019847003902c811405e00b03000f308204700c811405e00b45b9615fe966a272f130b6c801c012047007901109c2166b95a69b8c7f032b1c006c811007204901700c1cb6ea1d92e32ab172f110b6c801c01204700790110bc212d34dce37879586003e408003902c80b80f6f3f75d6ef9ee365bb7596003e408003902c80b800ef0f75d6ebebbcd021b204700c811405e0074824c83addb2cb0017204801c01e40540a78bf368b8137839586003e408003902c80b80ce637f979baddb2cb0017204801c01e40540271ac2c2800536408e00902380bc00e19f2aa57aa7a4a4cc9c3871e2ded8d8d886debd7b07faf92d2a88ead9b3e777e79f7ffe67c3870fdf68fe1dc9029b1c51e4881c912372448ec81139222f4037b26cd9b27b468e1c591f1313a3e6cc99adf2f3f35443c357e6b2fa3baa8325af635151a14a4c7c4e0d1c38b0b17ffffe7bcd97fc625670c811458ec811392247e4881c9123f20244b9d4d457d6f7ebd74f2525bda05cae467361d2449dc04a4e5ea4faf4e9f3d5a9a79e7a132b38e4882247e4881c912372448ec8117901a278a17cc10517a8a2a2ede642e35b2a44555e5ea6faf6edfb0fa37bfc7eb8224714392247e4881c912372448ec80bd0ad2c5bb6f41ef904b4a8689bb9b07079d5d2a52fa9316312d4a851d7abebafbf46dd103f52252f4a6a361dd5fe2a2fdfab4e39e5942f8ce8df9d4f912372448ec811392247e4881c9123f202741b72208d9123afa94f4a7ade3cf98d57ad58be548dfef92875eb2d63758d1d73a38a8fbf560d1d7a855aa417cedf509d548989f33fefd5ab571e2b38e4882247e4881c912372448ec8117901a2444acac29931313f522e57bdb98068f4aa8451f17a817cc30d239dfad9cfae53c3875d692e9c639b4d4f75acce3efbec4fcd5912c70a0e39a2c811392247e4881c912372445e80283071e284bd73e63c692e18be6e562386c7a91716cc57596f65a8941793f427a0578d18aa2f97d32ed7977e6f47b5afa64dbb77a7394b1259c1214714392247e4881c912372448ec80b100562638734e4e7e7980b86866675f7dd13d5c1bf7eaab66e794765ff69835af56aaa5a9fb9467d5cfda1fa9fa993d5b7df7ee9f77654fbeadd77730f98b364272b38e4882247e4881c912372448ec8117901a240efdebd5543c3e7e682a1be593d36eb21555cb445ed28deaa76ef2ad125a777ecd8ae1e7bec21bfb7a1da5f321fcc59e26205871c51e4881c912372448ec81139222f4094bce928f565b372b9feae66cd9aa9a6fc66922a292954e5efedd1b56bd70e35edbeff56331ebc4f7dfdf5e77e6f4bb5bfa27ca1a6c811392247e4881c912372448ec8117901ba59c35de7558d8d9fab75eb5e53b1b13f55d51f55aa07a7dfe755a5a5c56ac8e597aad757a7aa8686cf9add9e6a7fb182438e2872448ec811392247e4881c911720aa16ccff70eabbef8ea9b736a4ab614363554d75957aaf6cb7caddbc5165bef94795f6fa4a95faca4be6423b4def8674e59597abf4f415eadb6fbff0ba0faafdc50a0e39a2c811392247e4881c912372445e80a85a301f736aeb964dfa371965619c97b759bd9991ae17c82b962f512f2f5ea4925e78563d33ef697da08dc52f2d54d75e33426d7c7b8dd77d50ed2f5670c811458ec811392247e4881c9123f20244d582f9ef4e3d36eb77fa8895b2005e96ba58d792979355f2a205eaf9c479ea7fe73ea99ef8fd236ae68cdfaa279f78d45c2867aadfcdbcdfeb3ea8f6172b38e4882247e4881c912372448ec8117901a26ac1fc8553b260969f8ab8fdb69bd51b69afea05b22ca49f9d3f47cd9df3847aeed9b97ae12c0beb31a313d4e69cb7ad05f3175427142b38e4882247e4881c912372448ec8117901a26ac17cd4a9bd7bb7a9471f99a17e79fb38bde0955d8efc555cdc10f5eb09e3f5a7a2a5a5ef7add07d5fe6205871c51e4881c912372448ec81139ea2259d6736ea9761a00825d307fee55ae6ffea6befcf25395f8dcd32a61d4756ac4f02bd5d0a157a8b82b87a8a1e602f99aab87ab07eebf471d3bf6173dadefeda9f6172b38e4882247e4881c912372448ec851171962b87f3bbca5867b0ced1310f482f9081526c50a0e39a2c81139a2c811392247e4a80b65b7d06c1799d58bf609087ac1fc191526c50a0e39a2c81139a2c811392247e4a80b0d69a1e11e47eb04b46bc17c980a938ae2958004eb7f4b204714392247e4881c912372448ec29abfef72cb77b7d9ba0db46fc1fc372a4c2a4a5770e2cdfac2ac24ebef187244912372448ec811392247e4286cf9fb2e37dfdd06dabf603e44854945e10a4ebccf4a8d6c51f82c0a17da8c5f72448ec811392247e4888aa61c651a6cdd063a6bc17c900a938ab2159cf8005b10e2a370cb02e3971c912372448ec81139a2a22947711e0d77b47e050308d582f900152615452b3809adacc4d8d72790238a1c912372448ec81139224761c9fe2e375bb7818e2d98ff4a854945c90a4e5b575ea269cb02e3971c912372448ec81139a2223d4703ccbacfacb566559b556ffd0f0d667d62b877339f694d07a0ed0be65a2a4c2a0a5670e283dc5210ecf4e4882247e4882247e4881c91a3ce253ff7956b35d6aa8d956fd6045a29a04d0be64fa930a9085fc169ef1602b95d5d84afe4307ec911392247e4881c91232ad27214635676104db6bfda6ad605b454408b0be6fd54985404afe0747477bc48df9d8ff14b8ec811392247e4881c519194a3f186fb48fd9ecdb3cb6ac0279b75b1597dad69fb9835c8ba8dec6eeebb255c3ea8626b371078c1fc172a4c2a4257705a3b204da8ef871c912372448e2872448e287214d818c3fb77b6e574a2e1dee2dd16fdace97d7fab7b32ad15e077c1bc8f0a938ac0159cce3eba6ba46e5960fc922372448ec8113922475424e468bc4fa35c69b8b766b787dcaedca7e9664b37d07cc1fc499b4ba6dfb66dadaaacfcb33e7de0c00ebfd3e5e5a5a9112386a8c993ff434d9a749b576ddcb85c65652d532d3db65c376dda9d6d7e5eab5727a9f3ce3b37e0f53535efeafbacafff40d7860dafa88103cf73aedfb76f9bd7f425251b545959b63e2d7f1b1b3f6a56727f0505e9cd9ef7f2e5cf39e7ebea2a827e7d2368ecf81e60e67b66dd69fd0d86efed22f1c035e4881c91a310e7883ab1458ec8111595398a31bc772397ef5ff7ede07dcaeee6b986f7eee58368b100af05f3ffb5a94a4bdfd241baf9e6517a655f4edf7befaff5e933cf3c432d5cf88433ad9c97e93c6fdfbfff3fa96baf8dd3a71b1bab544b8f2dd7dd74d30d6d7e6efdfafd505d7d756c8bd3486320d35457e7ebfb8f8f1f6e362ca9ceffe25ec1f77e0e05056fe8bf1327dea2b66cf9a39e46ce3ff5d4fdea8e3b7ea172735fd3d39694acd7d72f58f098be5e2ecfc858ac2ebae8427d9b7dfbb6eacb172f9ed3e2738ca0151cdf4ffe65e56499f5fc9705b19213e87691b692438ec811390a618ea8135fe4881c51519923cfc6b8b2139a6dcfa6bbdca79107707cc15cd36a1d3b56a60374f9e5173b97c9f9cccc97f5e93d7bb2bca677370a3ff3ba2c3d7d91b952becc5c69de62360a1faa961e5bae93c622d0f54d4dd5fa3eec3ae38cd3d4e8d1239df3478fee568585eb9ce94b4a327533515c9ca12ebbecdff4ed7bf6eca957e4e5f9d4d7bfef4ceb727da4ffca6532bd3c97c38777aad4d467d469a79daaff87356b92554ccc00e73672bdbc06f6e3cb6df6efdfa6ffcaf4f6ebe7fb3af9fbbf2370e5c6b0b60878ee4ed496951ccf951bbb267a5c1f49dfa12347e4881c85284754688a1c91232aea7234cef0fecef6c59d7cff171bdebbaab36b39707cc1fc718b5557f79e1a30a09fcaca5aaa4e39a5b77afcf17b556eeeab3a4c9326ddaa4f9f7b6e7fafdbf4ed7b96cace5eae468dba4a4d9932de5c594ed5d39f76da2966c3b0505557bfa3023d7653937b375369365a7a4eb2abedd8b1d739cf65c2849bf469a979f3667add7f69e97a6be57dab3e9f93b3529fb71b8123474a9d692b2a36e9cb6a6bb7abbcbcd5cef5eec668b19e461ec3f7f9c9f577dd75bbaaacccd1a71b1b2bf5df7dfbdcbbe1ca7368edb58e80159c402b1dfe56565a5ac9f1377daa9fe923e53b74e4881c91a310e4880a5d91237244455d8e3cb76e279ea0c778c6602b37e06fc15cdd62d5d595e9bf1b37bea21b829c9c15e6ca6f810e5361e11a555ebe519d77defff3bacdf12d73eef37979af59bbb7c6ebf38d8d1fa8408fbd67cf5bd696b973cca6a1aad5e72725d3a7a7ffc139bf61c3cb2a26e65f9cf31919296ae0c01fabaaaacdea924b06a9d9b31f70ae2b2e5ea76f2f5bec3cefef77bf9b6c36347fb69a06f756b659b3a6eaff3d2d2dc9b97f797d6263ff5d4d9b36d16c0632f5e3c834a9a9f3d459679d6936193bf56dedd7b1b5ff23440bdc111d58b9490862a5c5df4a4e5b576e7c5772ba6277beb6be56e4881c91a310e4880a5d9123724445558e0618c7b73ebbacf327821cbddcf327c36268b500bd60fea84d9599f9923af9e49374c3b06ad5737a57d2871f9ea2cf7ffffbbdf45f7b5a77a370833ebd6f5fbed324d8d3343656a8408f2d978f1e7dadb902bf569f6e6afab0c5e765df7f65e526e732d9923862c4e55ed365652dd1bbcc4e9ffe5f6ad2a45b74c9f391db6664bce8f7791c3a54e8dcb7fc9586406e234d8cfdff49b95c95eac081edcef9d2d237f5f3b6effbc89112ebe058db5bfc5f42b460b61f4716d0716dbc4d5b57325a5bc90976e5c6f3f13feb822d0b6d7dadc81139224721cc1175e28b1c91232aaa72749fc7745927f8f9acf578ac99b45a805e3057b558070e6c53b9b92bd4b5d7c6aa1b6fbc5a9f9e3bf7011da479f31e5453a6fc87be4cce9794acd3b7b11b85caca6c6b65bf526fc992fb90eb1b1bdf57fe1e5ba693cbd3d216e8f3727ac182475a7c7e32cdfcf9339b5d76fbed095e976ddcb8547fd7d4befeeaabaf704e6fd8b0d8996efffe023dad5cded0f09efe5b5595a3f2f25639cf3b31f121b389d8eedca6be7eafbedc7e7decdbc8dfecec54e7713233535afd5f42b860b62bbb954f4683dd8d2ed04a4e8f76aedcf86ed108e54a4e5b5f2b72448ec8510872e4398fb76d7bc3c986e4cbdf7432dee443a3c9936f773e203afe41d1529595f5b2df0cd5d66ed1b7f57c3cc9a9bfc7282f7f5b5fef727da0eaeaf638555dbd597f68d4d2ff218fe3795e325053f3e716ffef9494275b7d6d1e7ef837ce69cfececd9b33ea8d7981c45778eda3206ece5ad9ccec959a64fcbd80e741bc9838c33fb7dccbeadeff959b3ee09f81ee4f9be2065bf0f1c39b2a3d50cd925cfd5f379caede5eb53819eb7bc4f1d3dba531516a6ab2d5b5e57d3a6fd5aff953dcf5acb7184e4c8b3099e74829fcff81036f740a434dc1fb6584d4d1f982b1215ce7959e9902d7437dd74bdb5f06d7e1b690a2ebae802bdb03b7ab4c45c60bf68ed5e7ab7bebeb1b15cf97b6cb96cead45f39e7abaa3679340ecd1f47763b95c7f1773fab563deb7599ac58fde427ffdaec7af70ac92bcd6e3f6cd865e64236435fb77f7fbeb5f2ef7e3efdfaf5d5d7d9d3dbff4f6eee72e7f695957fd27fb76c59ad2f97d37979afb6f85a77d182d9f393d1111d5cb9696925a7aa032b371d7d3e27fab52247e4881c8520475232660c7da4ff1bcca6798975a4ffffd4a7dd47fa7fcc99f6f85e22c76f2f7b56b83fb40a9c217b1cc963d5d5edb69ad5cc80d33dfef8547dbaa464ad3a76acd4b9cdf8f1a39de98e1c2956e9e92fe84c4816972f9fa7a7b19bfe29537ee964dc5e56c8cabffc5f9326ddacffca5e27717197e8d3521b36bc647d15c5fbf9ac5c39df39bd66cd1f9a9d6e4b91a3e8ce51a092bdae92937faff6edcb733e18b54f979767e931ee3ef6c687fabdc91ebf863eb8e5123de6274cf88593cdda5af7f137dccdafff316abf37c8f2bea0e035ebb81d795ed3cf9efd5baff741c98bfd18f67d05cab0dccefd215d9ad7f592d3b2b20dfaba279eb857ff6f86fe9a57ba5e36d8cb07c96d7b5fcf30ca51b5c7e5179fe0e733c8e3b13ea5d502f482b9b24d555dedfe84b1a2e26dbd9093dd42ed85a4ac0c34355538d3ba5772e29df3870e6db316d66fe9f38d8def29dfc736f4019b7ed1ec71376c48b18eec7c91aaafdfe35c2ecfe1acb3fe3fe7fc912345e6827fb1b9b05e65ad94aff4ba1f790e2ed7fbe60a47926e74cacad6ebefa18e1e7d8daaa9d9dcecb9a4a53daf0f5a75ecd84eeb08cbdbf5e3cb69995efe26253daaa76f68d86b6ded1be2f1265360bd69bc63be193c633655a9adbec65dbc60f6fc6434ae133ec1f7b792d391951bdf959c84307aadc81139224721c8913d8e641c7bce6f590997d3eea6b8326086a464e559c6978c297f199231bd7af5737a5ccb74729042f97beeb9fface6cd9bee35ad64d1bebda1b73e3fa14f9f73ce0facaf63f81f9f727ff6695916c85f79cc0307b6585bf28a9ceb256bf66d25738989bf73cecbd750dccd7ea55e8ed8b9b9eeba389591b1c86a74729cfbaaacdca8ffbfb62cabc851f4bf1fb536ff67ccf82fbdcc96f33236e5afbc27c875f6fb888c47392f070395f78eb163477a35c376664b4ad6e8f70ffbf2254b9e56175ef8233d4e172c78d83a46c72eeba7245739cf43c6aca1f7f0aab03eb0b5f76ad9a2b321ef6dbecf5dde5be472b97ffb83daececa53acb727b7fffabbd0cb17362bfefd8b7edc8eb182663e32b8ff37d4ff0f3e9e3f1580db45a805e307fd062d5d6e6eb1596a953c73b976ddcf8b2b93232d0392f2b0af60a837d5e5688a64fbf5337119e25b7b557fe65dac387b7e99586c2c2b480cf41ae73af7ce79b0bf9dd7acbdf534fdddb6cbad2d2b5ce279f9e9797976f50dbb6add65be6162c78c8ebba3d7bde74de583ca79715b5baba5273656593beecc08177adefd05ea7cfdb974b3534d80d448e3e9f9bbb4cff35f4774f17b6fa1adbd5868566a82ba983e3ab879f2d0955d6e51d91146eaf15392247e4e8c4e648c6d18001ff64aed4bf641de9ff1e3d46ec0fabe4b434c59eb7711fe97fa91a356a84d504bcec71a4ff057afcf93eaedc8f64c9f7f18f37efeef3fbf7e7390db1ec21121f3f545f9e9696a84fcb5f799c4387b6361b9ff23c1a1bcbacad670b3cb67027eb2df09e99901c1d3952a8cbbd356f9e3e2d39f19cd6f3fe651afbb47ca0662f2becd7cbdda490a3eefa7ed4521514bcaaf700c9c97945a5a4fc5e8fe163c74af4873d77dc3146bf3f3435bddf6c9cc8b4925119cfb2d7d4c285b3ac2dcc6bad66bad4eb3632bd9c76b9caf51897cb5253e7e8c7aaa8c8d2d74976dc1fdc26aac183cfd3cdbc7d7bfb7ee5bd474e7bfe0ff27ee8de529dd66c4ccbf3f337d6172f7ed2790fb2970bf23c827dff89801c85eaa8e9a17e3c20dc1bee8aa0aba9a9bc5db7a35aae2efe2474a7b5f5a097355d6b4781edc81685b6fc2e6a386f51f07dadc81139224727384775753bf5df8d1b17ebc65a1a827dfb72ad15ebd7cd95f6f5eabcf30678dde67893ec3e9f97b7c2e3039f0ab3e9ddab7c1f373737d56ab82b5abcaf03070af474f673d8bfff1d6b97f6479d69caca32ad2d762bf5636566bab73a2f5f3ed76c381eb71a919d56e3fe82d9486fb70e34b8c56b3c4bc3613f57b90f399d9deddefaee6ffc4bc3633f7669e91ae7f2cb2e1b4c8e783f6ad3bcafaada681dbbe001675cd6d6e6e9ebe5bce7b449490feb0fc3642c27273f667dad69bcf55ded297a37757b7a7b1cbb1bdb6cfd019a64dab30cbdfbf76a3dbd8c73f970c9f3f1ed4cc96de543b561c32ef57afef6f3b5efc3f3b9ba9be7e3cb94f4f4e7f5e5b7de7a835e86b8b79ebbf7acb233e4799b087e3faa630b37d0a50df7fb549854172d987ddfac7d5726ea8c13f39db9f6ace474f577e602bd568c5f72448e4294a3cccc85d691fe5f52ab563d63aeccf7500f3f7cb73eef3ed2ff4bceb4679e79bad9245faf4fefdbb7d969b6ed691a1bf728dfc7cdcd7dc5da0a9caceeb863b4baebae9bf5f4863e18d9dd5ed31e3d5a68ed365b6caee4cbd72dcaf47dda9593b3d45c79cf6f363eedc77737d00badadf4e3f4e96ddb5e6b36fd88113f759ec3e4c9b7ead3eea3fc5fef4c575c9ca6264c18e334239ef76f9fcec8f80339224701abbebe545d7ef9bf39634dc6bf9c2e2b7bd3194bb2c7c439e79cadf6efffb3334e644f2d1973c9c9b3f49e53a3475fadb369e8ddb2373b7f65fad4d4d9d696e9755653fc9adfb1678f5b3b6315151bf47969baede7664fbb7af57cafdbd7d4b8b750cb8700cb97cfd15f535ab2e449e7715b7a3c43ef529ee5dcafa1bfc695190def477c871be8da86bb3ce4e5fe847f8e73beae6e47abd3af59b3c039dfd8b8db3a90d2abadde2e25e5b156a791152adffbcec959d225af4b0817cc45668d0bb062d3914ff003fdd48abfa3c206b392d39547856dedb5ead431909dbd5867424e1f3dba3de074e3c7dfd8624e3cebc0813ce7fecaca32f44ad4860d8bf4a7faf6ca5546469233fdb5d75ea16ebc7184b99294a3121367e892d3bed90dc7dc91a3e8cc918c616986edb129a7e7ce9d666d85bb5f4d99729bd32c9794bca16f6337dc95956f59df032d331b82fefa3e3cc79de7e3d4d6bea357b0f7efcfd5cdbc9d33c9cee1c35b9ce9e4bee4b6d2fca7a7279a2bf9d96ad6acdf388f252beb478e6c359b989dcdc6a7dcb7fc3f721f9ed93d76ac485fee3bbdbb1928f768d6cbf5ff2aff9f3d9dcbb5d7596ed8cb01dfdbca73b31f931cf17ee4af8a8b5f773e0492312cbb7257576fb40ee6b7d76b4cd9e364f1e2dfebb1276357b2204dbbe4c1d07b6b14389994b127ef0df65894dbcbfb908ce949936ed265bf1fc9f50d0da5cefc91e90a0b57ebaf6f6cdbb6ca6ac2d75bcd7c8ed7ff60e7ced05bd137eaef72c7c7c739635feed777accbe3c97396bd46e4b9ce9f3fdddacdfde968793fe228e540d736dcef85ac4a4ad2cc2679a55ab060a6f57db2a5e64afe0be602f47c73257eb6b9d0dc642dbc1ff7ba9d5c969cfca83eed72b9b748c89b80effd1716be662eac53ac85768afe74332eeedff569295960bb7739f4be6f59f1afab2bd6cf4dcad0bb43fdd2392dd785e2f509d182b9a52d081dfd24bfb5df356ded775103196274cdef9eb6f5b5ea94f95f559565359d2f3be3a1b434bdd974870ee53b9fdecbb8eedfff872a2ded59bd22235992cbdc5bdd0a9ddb24263ea87f3fbba6e64fce65329d1c29dcdf73912d18b282e26f8ca6a73f17d6b92347d199a3a6a6bd7af96f9f9f37efb7d691fe473a99f12d69ae2513d5d56f9b0df336b351f88375a4ff49fafac6c65dcaf371f7ec59a33ff0928641a691c774370df96613fea6b912fe807e4c7b7acf8c555464eae9ed3128ef6dbecf47f26ce8adec23f57392c7b2f32af991ac48c3e33b9e258bf6749327dfa24ff7eddb47cd9871a7dff1bf72e55ce7b4fc4ff2de6be85d65dfb17617ce2247bc1ff9addada3febf53143ff4cd7037a9ccaf25b3edcb2c785e4c877fdecc8912d7a1d4ede1fe4323b5b727b43ef75b1dc6c6a3738eb70ab573fd3e2d8b31fc3ce983c2f7b1d51c6b1e4f1f887bb81ef471ef3f8876cc7dfb3ecf549c9a0fb03ec04affcda99b11f53fe46f8fb11bfc30d746dc35d16b23a7cb840bff9373696ea727fd29f637d6affa25eb0da2b089eb7b3177e478ebc6bfd4cc5837eefdffdc97ea273de7d44d7e3d3ba8fe83a459f6e6828515959c9fa3673e7de67ade017990bf10ce7f1ece7d9d4b42724af8f11de079768ed13fdd6566e8c76aee4d8bb118e8bf61cb9b7d4fdd6392f5bafa401f59cc6e5da6dae942fd4a7a5d12e2c5c65ae480c716ee75e0199e5759bfafa1d5e2b0e999949fa3bb013278ed597d9974bc360df46569a64d741693a8e6f7978d15a81cab28e6c1e9eb92347d19d23197ff6789531191b7bb1f33e22e3d473dcb8b7705fe79c3f74c8fe79a30c7dde7e1f92d3478f6e75de7fe4c3a9db6fff59b371653fb69cafad757f775bb22479713706c7a77537dc65d6d1f90b9cc7deb265458bef5df6f481c6b6fccffeae93c7b71b6ac9b8bc0e867310ad32e7ff36f4aef1779123de8f02ce777b6ccb7897f71343ef1db2c7b95ec697e7f4f21d6a199732e653539fd21fd8fa664696fb9eb791b128ef5f77dcf1735dbeef339595eb9d4cca07c365656bad5fce48759e9f6c9c31f4d6ef857eff0f3bc30307c6a8cb2e1be475ddfcf9f77bfd9f72b99d99bbee1ae74c27cfc3d0bbbebf1ae9ef4703cc7259cfc7659d3f11fa19eeef6ddbff7b0cad16a017cc7b435af6c2acb232d3fa1474a7d50c645b5bf4d2fcde66f5ea79d6016202df7743c30e7321be4e37e67673be72e51c7dbaa6e66ddda0f8bbefb163aff13a2ff7216f04ee159ffc90be36613e5e026d5968ebca4db02b39f6e38d8bf61c19fa3b6937fabd7cc488cbbc2e938676f4e8abcc95935fe89593c58b1fd35b9467cc98e85c66e8032d3de3dc4759d91a7345e5157305668bd9fcfec6fa5997623dceed69b2b216398f215b347c1f57aaa969b7932db9af70cc1d398ace1cd5d66ed6cdb3fb4328f76532d62fb9e45f9df3f23e61bf5fd8e7656bf5f4e91374363c4b6ebb61c31f94bfc795f7a369d37ea51b072977037e83dfe7649f96c771efd9e1be5ff92b75f5d597377b5f93ec48032039966924fbf2be28a7870dbb44e5e62e0938b6b3b35302be46729de7fba8bb393f7edda851c3f463b6255fe4a8fbbd1fc9fa982ccfe5bdc05e0ebb9bdc57bcc685e77b85fb83d2d7f569976b97f37e63bf5fd8d314142cf3bacd820533f4f481c65e71f16b4e16e5af7cc82bef27723f8307ffd899561ecb1ef3727f921d69b03d7322ffc7c30fff97de2b44eaa9a7ee71debfecaaa878d3790ccfe7b170e143cedf28783fcaf518e38927e8319ef1788cadb45980b360de1392aaabdbaeb7444c9b365e2f186581b86fdf9f546aea937a2177e44881b5b56bbb9e5ecedf7aebf57a1a43ef66fb925e495ab2e4719598385d5f9e97b7d45af17fd7791cbbd1686c2cb13e897d419f9685afbb613ffe9c5caee3df0f92dbc88a956c2d2c2e5e65bda92c0cd9eb633ff7081833b265c17777ba3b8de07fd7d4df4acec420b660444d8e72735f3657ca7faac7dbaa557375b33b63c6afcd9565f796606916ecb16ce764fffe6ca76975370fc9faf632c6251b151519fabe65ba030772bdb2619fb63ff42a2f5fdb6cbc5755ad779a7d5949979cc6c5fd44ff9506dabd05604f58e68e1c759f1c3535ed0ae932baab2b94ff2f39ea9eef47a118a3e198db13f59cc22c47e33cc6b76ce5eeec83a75d6c1cdf8a2e3581360b7016ccbb43562ed74e73e57fb373beb4f4757321576aed7ef7bcd94ce45bdfcfd9ec753bf727a8af998dc4466b57a5c08fe16e1264f7a645d6f7dd6ed6a7a549b8f9e6915ed3ae5e3dd7fae4f515b3317851dfbf7d1f7bf6bce1b1d53134af8f1139bf57e8fb132d9e2b2b6d59b9315ab95d287f6aa54b735457b74d8f7bfbfc860d49ce18b7b35155956936af3bfc8e97cccc05ce7999c6d0c74658ec355d6ded26b3015fa7aaab37e8fb96f1eede7af18ed578bfe9d1e8b63c3ea74cb945df6ecb9665619b3b72d4fd7244f17e448ec811396a937c8f86b8d2e8bc9f08939f022b37bcb76ef73200d80be65d21abfa7af76f23de78e370b32978c96a26deb476934bd6d31c6f228edfced007e578c8393d75ea6d011fc3f3f686febedb227d5a1ecf7d44d7e3d32e5ffea4de7d6fdebcfbf4f9868622ebfb3cebcde6e30fd6c1727243f6fa44d00a8ee74ac8188f95958946f03fade27bbb8efede6a44e7c8d0df6dfe1f7dbaae6eabd540bf1470dad8d88bd4a44963f53897317bc619a706bcefa626fbeb1b6f5bdf815deb8c77437f0f4eb64a17abcb2f1facefaf5fbf1fa8fbefff9573ff32cde8d12374be7ef2930bc23677e4881c51bc1f91238a1cf91563b8f70af16c8c3bda744bb3edb9bbba1ce760102d16e0b5602e0d59353616793410a5d6d6b575d681645e719af0bcbc97bd6e77bce12e55478fba0f3c73ca29279b0dc996668f61e823bac69a2bfc0bad2d6de3f469f7115d2738d3d5d6fe49b95c3bf4cfbec83435351baca3cf96eac6c3d0df215a19d2d727c25670fcade474c6968aae38fa6b58e4e8c891779c2cc8f96ddb9659cde7e680e3e5e187ef341be82ca7dc1f5e2d6a76bfab56cd562b573ea5eaebb7e9cb0a0a969a0df2f3ba41974c55576736bb7f791e9e8f6fe803b23d1cf0b9844beec851f7ce11c5fb113962fc92a316c9cf7679eefa2d5bbadbbb7bb9dcce73cb36bb92035dbd606e68701f855cbeaf6aaf98cb0ab87bab5b966e0872725ef4bbc092ef81cac171ec662423e33927dc070e6c0ab8a093c7696d613861c2cf9de7274754befdf678e73af7eeb0ace0846025a7b35796222a477636d2d3e7a9a6a6127d991cdb60d8b07f6f71bc48d3ec7b59565652b3690f1fcef5d87a5eaa9b683b3b923b43efce9de6f731162c98ae1b7543ff26e9efdb348ebb3277e4a8fbe688e2fd881c912372d426937c9a6e392d0752ebd7c6dbcb74cff8dc87d423b456409834dcb2554bce7b6ee99606dadf6da4f990eba74dfb0fbfd7fbdbcaedb9a0f3dddae76f1a791eb2c5efbcf3fe456f7df3dd221faa2ddd11ba82636f09e8c86e7791b8db5ea7e5a8b4f435fddd6a7becc9df59b3ee723e886a69bcd8bb94bb77fb5e68ed9a9de9777af9b04a1e4bfe0e1cf823afeb240332fe03e53629e941eb006b7f6cd338eecadc91a3ee99238af72372448ec85150c65b635df934de5956432e5bafedddcd65b7f141d66dde30dcbb8d7bdeaeceba0d80eeb660b6b71476741a16cc41ada404bb4520d20e481336390aa7b11b4eb92347e4882247e48822476d1263787fffba3db5d5e03bdb000b6616cc2113ec6e7891bcdb1e392247e4881c912372448ea868c8d16d56e3ed0ab2d19e647034728005330be6b05dc91962b877411a478e2872448ec811392247e4881c75b901663d60d65ab33e31abc1fa1fe4efa7867b77f399867bcb380016cc2c98bb5082b5f292d0c2f59f45c9ca0d392247e4881c912372448ea868ce110016cc2c982368cb42b4ecb6478ec811392247e4881c91238a861b000b6616cc61b392138d2b37e4881c912372448ec81139a268b801b06066c1dca52b394951ba72438ec811392247e4881c91238a861b000b6616cc5d26c1fadf12c811458ec811392247e4881c91230034dc140be6ced5871c51e4881c912372448ec811390240c34db160063922472047e408e4882247005830b3600639a2c81139a2c811c8113902c0829962c14c8e28720472448e408ec8110016cc140b669023720472448e408e2872048005330b66902372448ec811458ec811458e00b060a6583093238a1c811c912390237204800533c58219e4881c811c912390238a1c0160c1cc8219e4881c811c51e4881c51e408000b668a053339a2c81118bfe408e4881c01882e279f7cd2770d0d852c14c3a0befa6afb3e7396b81895e4882247e48822472047e4084014183cf8c787f2f397b0600c835abffef9b7cd59b29351498e2872448e28720472448e004481abaeba6cdd9c3953593086418d1d7b559a394b121995e4882247e48822472047e40840141830e007b103069cf38dcbb5838563d7d6273d7af4a83067491ca3921c51e4881c319ec911c81139021025faf7ff616952d2832c1cbbb0c68cb96aa9392b72198de4882247e4881c91239023720420ba0c3af3ccd3ea8b8a56b090ec82cacf5fbade9c0707cdba98a1488e2872448ec811390239224700a24ffc39e79cfd7716cea15f28f7e8d1a3c67cfdc73004c911458e408ec811c811390210c50be7934efafeb179f3eefb9ceffe9cf8eff658bb1b1d64a14c8e28720472448e408ec81180ee6150cf9edfcb39fdf4530f4f9972cbee4d9b5e3cc8ef3976deef31ca4f44c8512bad0369c8777bd8dd881c51e408e4881c811c912300ddcca566cd316bab590d6629aac3e532dcbfc7283f11c1512bc911458e408ec811c8113902000000000000000000000000000000000000000000000000000000000000000000000000000000000000000000000000000000a2dfff0ff0398bade63642580000000049454e44ae426082, '0');
COMMIT;

-- ----------------------------
--  Table structure for `act_ge_property`
-- ----------------------------
DROP TABLE IF EXISTS `act_ge_property`;
CREATE TABLE `act_ge_property` (
  `NAME_` varchar(64) COLLATE utf8_bin NOT NULL DEFAULT '',
  `VALUE_` varchar(300) COLLATE utf8_bin DEFAULT NULL,
  `REV_` int(11) DEFAULT NULL,
  PRIMARY KEY (`NAME_`)
) ENGINE=InnoDB DEFAULT CHARSET=utf8 COLLATE=utf8_bin;

-- ----------------------------
--  Records of `act_ge_property`
-- ----------------------------
BEGIN;
INSERT INTO `act_ge_property` VALUES ('next.dbid', '1', '1'), ('schema.history', 'create(5.15.1)', '1'), ('schema.version', '5.15.1', '1');
COMMIT;

-- ----------------------------
--  Table structure for `act_hi_actinst`
-- ----------------------------
DROP TABLE IF EXISTS `act_hi_actinst`;
CREATE TABLE `act_hi_actinst` (
  `ID_` varchar(64) COLLATE utf8_bin NOT NULL,
  `PROC_DEF_ID_` varchar(64) COLLATE utf8_bin NOT NULL,
  `PROC_INST_ID_` varchar(64) COLLATE utf8_bin NOT NULL,
  `EXECUTION_ID_` varchar(64) COLLATE utf8_bin NOT NULL,
  `ACT_ID_` varchar(255) COLLATE utf8_bin NOT NULL,
  `TASK_ID_` varchar(64) COLLATE utf8_bin DEFAULT NULL,
  `CALL_PROC_INST_ID_` varchar(64) COLLATE utf8_bin DEFAULT NULL,
  `ACT_NAME_` varchar(255) COLLATE utf8_bin DEFAULT NULL,
  `ACT_TYPE_` varchar(255) COLLATE utf8_bin NOT NULL,
  `ASSIGNEE_` varchar(255) COLLATE utf8_bin DEFAULT NULL,
  `START_TIME_` datetime NOT NULL,
  `END_TIME_` datetime DEFAULT NULL,
  `DURATION_` bigint(20) DEFAULT NULL,
  `TENANT_ID_` varchar(255) COLLATE utf8_bin DEFAULT '',
  PRIMARY KEY (`ID_`),
  KEY `ACT_IDX_HI_ACT_INST_START` (`START_TIME_`),
  KEY `ACT_IDX_HI_ACT_INST_END` (`END_TIME_`),
  KEY `ACT_IDX_HI_ACT_INST_PROCINST` (`PROC_INST_ID_`,`ACT_ID_`),
  KEY `ACT_IDX_HI_ACT_INST_EXEC` (`EXECUTION_ID_`,`ACT_ID_`)
) ENGINE=InnoDB DEFAULT CHARSET=utf8 COLLATE=utf8_bin;

-- ----------------------------
--  Table structure for `act_hi_attachment`
-- ----------------------------
DROP TABLE IF EXISTS `act_hi_attachment`;
CREATE TABLE `act_hi_attachment` (
  `ID_` varchar(64) COLLATE utf8_bin NOT NULL,
  `REV_` int(11) DEFAULT NULL,
  `USER_ID_` varchar(255) COLLATE utf8_bin DEFAULT NULL,
  `NAME_` varchar(255) COLLATE utf8_bin DEFAULT NULL,
  `DESCRIPTION_` varchar(4000) COLLATE utf8_bin DEFAULT NULL,
  `TYPE_` varchar(255) COLLATE utf8_bin DEFAULT NULL,
  `TASK_ID_` varchar(64) COLLATE utf8_bin DEFAULT NULL,
  `PROC_INST_ID_` varchar(64) COLLATE utf8_bin DEFAULT NULL,
  `URL_` varchar(4000) COLLATE utf8_bin DEFAULT NULL,
  `CONTENT_ID_` varchar(64) COLLATE utf8_bin DEFAULT NULL,
  PRIMARY KEY (`ID_`)
) ENGINE=InnoDB DEFAULT CHARSET=utf8 COLLATE=utf8_bin;

-- ----------------------------
--  Table structure for `act_hi_comment`
-- ----------------------------
DROP TABLE IF EXISTS `act_hi_comment`;
CREATE TABLE `act_hi_comment` (
  `ID_` varchar(64) COLLATE utf8_bin NOT NULL,
  `TYPE_` varchar(255) COLLATE utf8_bin DEFAULT NULL,
  `TIME_` datetime NOT NULL,
  `USER_ID_` varchar(255) COLLATE utf8_bin DEFAULT NULL,
  `TASK_ID_` varchar(64) COLLATE utf8_bin DEFAULT NULL,
  `PROC_INST_ID_` varchar(64) COLLATE utf8_bin DEFAULT NULL,
  `ACTION_` varchar(255) COLLATE utf8_bin DEFAULT NULL,
  `MESSAGE_` varchar(4000) COLLATE utf8_bin DEFAULT NULL,
  `FULL_MSG_` longblob,
  PRIMARY KEY (`ID_`)
) ENGINE=InnoDB DEFAULT CHARSET=utf8 COLLATE=utf8_bin;

-- ----------------------------
--  Table structure for `act_hi_detail`
-- ----------------------------
DROP TABLE IF EXISTS `act_hi_detail`;
CREATE TABLE `act_hi_detail` (
  `ID_` varchar(64) COLLATE utf8_bin NOT NULL,
  `TYPE_` varchar(255) COLLATE utf8_bin NOT NULL,
  `PROC_INST_ID_` varchar(64) COLLATE utf8_bin DEFAULT NULL,
  `EXECUTION_ID_` varchar(64) COLLATE utf8_bin DEFAULT NULL,
  `TASK_ID_` varchar(64) COLLATE utf8_bin DEFAULT NULL,
  `ACT_INST_ID_` varchar(64) COLLATE utf8_bin DEFAULT NULL,
  `NAME_` varchar(255) COLLATE utf8_bin NOT NULL,
  `VAR_TYPE_` varchar(255) COLLATE utf8_bin DEFAULT NULL,
  `REV_` int(11) DEFAULT NULL,
  `TIME_` datetime NOT NULL,
  `BYTEARRAY_ID_` varchar(64) COLLATE utf8_bin DEFAULT NULL,
  `DOUBLE_` double DEFAULT NULL,
  `LONG_` bigint(20) DEFAULT NULL,
  `TEXT_` varchar(4000) COLLATE utf8_bin DEFAULT NULL,
  `TEXT2_` varchar(4000) COLLATE utf8_bin DEFAULT NULL,
  PRIMARY KEY (`ID_`),
  KEY `ACT_IDX_HI_DETAIL_PROC_INST` (`PROC_INST_ID_`),
  KEY `ACT_IDX_HI_DETAIL_ACT_INST` (`ACT_INST_ID_`),
  KEY `ACT_IDX_HI_DETAIL_TIME` (`TIME_`),
  KEY `ACT_IDX_HI_DETAIL_NAME` (`NAME_`),
  KEY `ACT_IDX_HI_DETAIL_TASK_ID` (`TASK_ID_`)
) ENGINE=InnoDB DEFAULT CHARSET=utf8 COLLATE=utf8_bin;

-- ----------------------------
--  Table structure for `act_hi_identitylink`
-- ----------------------------
DROP TABLE IF EXISTS `act_hi_identitylink`;
CREATE TABLE `act_hi_identitylink` (
  `ID_` varchar(64) COLLATE utf8_bin NOT NULL DEFAULT '',
  `GROUP_ID_` varchar(255) COLLATE utf8_bin DEFAULT NULL,
  `TYPE_` varchar(255) COLLATE utf8_bin DEFAULT NULL,
  `USER_ID_` varchar(255) COLLATE utf8_bin DEFAULT NULL,
  `TASK_ID_` varchar(64) COLLATE utf8_bin DEFAULT NULL,
  `PROC_INST_ID_` varchar(64) COLLATE utf8_bin DEFAULT NULL,
  PRIMARY KEY (`ID_`),
  KEY `ACT_IDX_HI_IDENT_LNK_USER` (`USER_ID_`),
  KEY `ACT_IDX_HI_IDENT_LNK_TASK` (`TASK_ID_`),
  KEY `ACT_IDX_HI_IDENT_LNK_PROCINST` (`PROC_INST_ID_`)
) ENGINE=InnoDB DEFAULT CHARSET=utf8 COLLATE=utf8_bin;

-- ----------------------------
--  Table structure for `act_hi_procinst`
-- ----------------------------
DROP TABLE IF EXISTS `act_hi_procinst`;
CREATE TABLE `act_hi_procinst` (
  `ID_` varchar(64) COLLATE utf8_bin NOT NULL,
  `PROC_INST_ID_` varchar(64) COLLATE utf8_bin NOT NULL,
  `BUSINESS_KEY_` varchar(255) COLLATE utf8_bin DEFAULT NULL,
  `PROC_DEF_ID_` varchar(64) COLLATE utf8_bin NOT NULL,
  `START_TIME_` datetime NOT NULL,
  `END_TIME_` datetime DEFAULT NULL,
  `DURATION_` bigint(20) DEFAULT NULL,
  `START_USER_ID_` varchar(255) COLLATE utf8_bin DEFAULT NULL,
  `START_ACT_ID_` varchar(255) COLLATE utf8_bin DEFAULT NULL,
  `END_ACT_ID_` varchar(255) COLLATE utf8_bin DEFAULT NULL,
  `SUPER_PROCESS_INSTANCE_ID_` varchar(64) COLLATE utf8_bin DEFAULT NULL,
  `DELETE_REASON_` varchar(4000) COLLATE utf8_bin DEFAULT NULL,
  `TENANT_ID_` varchar(255) COLLATE utf8_bin DEFAULT '',
  PRIMARY KEY (`ID_`),
  UNIQUE KEY `PROC_INST_ID_` (`PROC_INST_ID_`),
  KEY `ACT_IDX_HI_PRO_INST_END` (`END_TIME_`),
  KEY `ACT_IDX_HI_PRO_I_BUSKEY` (`BUSINESS_KEY_`)
) ENGINE=InnoDB DEFAULT CHARSET=utf8 COLLATE=utf8_bin;

-- ----------------------------
--  Table structure for `act_hi_taskinst`
-- ----------------------------
DROP TABLE IF EXISTS `act_hi_taskinst`;
CREATE TABLE `act_hi_taskinst` (
  `ID_` varchar(64) COLLATE utf8_bin NOT NULL,
  `PROC_DEF_ID_` varchar(64) COLLATE utf8_bin DEFAULT NULL,
  `TASK_DEF_KEY_` varchar(255) COLLATE utf8_bin DEFAULT NULL,
  `PROC_INST_ID_` varchar(64) COLLATE utf8_bin DEFAULT NULL,
  `EXECUTION_ID_` varchar(64) COLLATE utf8_bin DEFAULT NULL,
  `NAME_` varchar(255) COLLATE utf8_bin DEFAULT NULL,
  `PARENT_TASK_ID_` varchar(64) COLLATE utf8_bin DEFAULT NULL,
  `DESCRIPTION_` varchar(4000) COLLATE utf8_bin DEFAULT NULL,
  `OWNER_` varchar(255) COLLATE utf8_bin DEFAULT NULL,
  `ASSIGNEE_` varchar(255) COLLATE utf8_bin DEFAULT NULL,
  `START_TIME_` datetime NOT NULL,
  `CLAIM_TIME_` datetime DEFAULT NULL,
  `END_TIME_` datetime DEFAULT NULL,
  `DURATION_` bigint(20) DEFAULT NULL,
  `DELETE_REASON_` varchar(4000) COLLATE utf8_bin DEFAULT NULL,
  `PRIORITY_` int(11) DEFAULT NULL,
  `DUE_DATE_` datetime DEFAULT NULL,
  `FORM_KEY_` varchar(255) COLLATE utf8_bin DEFAULT NULL,
  `CATEGORY_` varchar(255) COLLATE utf8_bin DEFAULT NULL,
  `TENANT_ID_` varchar(255) COLLATE utf8_bin DEFAULT '',
  PRIMARY KEY (`ID_`)
) ENGINE=InnoDB DEFAULT CHARSET=utf8 COLLATE=utf8_bin;

-- ----------------------------
--  Table structure for `act_hi_varinst`
-- ----------------------------
DROP TABLE IF EXISTS `act_hi_varinst`;
CREATE TABLE `act_hi_varinst` (
  `ID_` varchar(64) COLLATE utf8_bin NOT NULL,
  `PROC_INST_ID_` varchar(64) COLLATE utf8_bin DEFAULT NULL,
  `EXECUTION_ID_` varchar(64) COLLATE utf8_bin DEFAULT NULL,
  `TASK_ID_` varchar(64) COLLATE utf8_bin DEFAULT NULL,
  `NAME_` varchar(255) COLLATE utf8_bin NOT NULL,
  `VAR_TYPE_` varchar(100) COLLATE utf8_bin DEFAULT NULL,
  `REV_` int(11) DEFAULT NULL,
  `BYTEARRAY_ID_` varchar(64) COLLATE utf8_bin DEFAULT NULL,
  `DOUBLE_` double DEFAULT NULL,
  `LONG_` bigint(20) DEFAULT NULL,
  `TEXT_` varchar(4000) COLLATE utf8_bin DEFAULT NULL,
  `TEXT2_` varchar(4000) COLLATE utf8_bin DEFAULT NULL,
  `CREATE_TIME_` datetime DEFAULT NULL,
  `LAST_UPDATED_TIME_` datetime DEFAULT NULL,
  PRIMARY KEY (`ID_`),
  KEY `ACT_IDX_HI_PROCVAR_PROC_INST` (`PROC_INST_ID_`),
  KEY `ACT_IDX_HI_PROCVAR_NAME_TYPE` (`NAME_`,`VAR_TYPE_`)
) ENGINE=InnoDB DEFAULT CHARSET=utf8 COLLATE=utf8_bin;

-- ----------------------------
--  Table structure for `act_id_group`
-- ----------------------------
DROP TABLE IF EXISTS `act_id_group`;
CREATE TABLE `act_id_group` (
  `ID_` varchar(64) COLLATE utf8_bin NOT NULL DEFAULT '',
  `REV_` int(11) DEFAULT NULL,
  `NAME_` varchar(255) COLLATE utf8_bin DEFAULT NULL,
  `TYPE_` varchar(255) COLLATE utf8_bin DEFAULT NULL,
  PRIMARY KEY (`ID_`)
) ENGINE=InnoDB DEFAULT CHARSET=utf8 COLLATE=utf8_bin;

-- ----------------------------
--  Table structure for `act_id_info`
-- ----------------------------
DROP TABLE IF EXISTS `act_id_info`;
CREATE TABLE `act_id_info` (
  `ID_` varchar(64) COLLATE utf8_bin NOT NULL DEFAULT '',
  `REV_` int(11) DEFAULT NULL,
  `USER_ID_` varchar(64) COLLATE utf8_bin DEFAULT NULL,
  `TYPE_` varchar(64) COLLATE utf8_bin DEFAULT NULL,
  `KEY_` varchar(255) COLLATE utf8_bin DEFAULT NULL,
  `VALUE_` varchar(255) COLLATE utf8_bin DEFAULT NULL,
  `PASSWORD_` longblob,
  `PARENT_ID_` varchar(255) COLLATE utf8_bin DEFAULT NULL,
  PRIMARY KEY (`ID_`)
) ENGINE=InnoDB DEFAULT CHARSET=utf8 COLLATE=utf8_bin;

-- ----------------------------
--  Table structure for `act_id_membership`
-- ----------------------------
DROP TABLE IF EXISTS `act_id_membership`;
CREATE TABLE `act_id_membership` (
  `USER_ID_` varchar(64) COLLATE utf8_bin NOT NULL DEFAULT '',
  `GROUP_ID_` varchar(64) COLLATE utf8_bin NOT NULL DEFAULT '',
  PRIMARY KEY (`USER_ID_`,`GROUP_ID_`),
  KEY `ACT_FK_MEMB_GROUP` (`GROUP_ID_`),
  CONSTRAINT `ACT_FK_MEMB_GROUP` FOREIGN KEY (`GROUP_ID_`) REFERENCES `act_id_group` (`ID_`),
  CONSTRAINT `ACT_FK_MEMB_USER` FOREIGN KEY (`USER_ID_`) REFERENCES `act_id_user` (`ID_`)
) ENGINE=InnoDB DEFAULT CHARSET=utf8 COLLATE=utf8_bin;

-- ----------------------------
--  Table structure for `act_id_user`
-- ----------------------------
DROP TABLE IF EXISTS `act_id_user`;
CREATE TABLE `act_id_user` (
  `ID_` varchar(64) COLLATE utf8_bin NOT NULL DEFAULT '',
  `REV_` int(11) DEFAULT NULL,
  `FIRST_` varchar(255) COLLATE utf8_bin DEFAULT NULL,
  `LAST_` varchar(255) COLLATE utf8_bin DEFAULT NULL,
  `EMAIL_` varchar(255) COLLATE utf8_bin DEFAULT NULL,
  `PWD_` varchar(255) COLLATE utf8_bin DEFAULT NULL,
  `PICTURE_ID_` varchar(64) COLLATE utf8_bin DEFAULT NULL,
  PRIMARY KEY (`ID_`)
) ENGINE=InnoDB DEFAULT CHARSET=utf8 COLLATE=utf8_bin;

-- ----------------------------
--  Table structure for `act_re_deployment`
-- ----------------------------
DROP TABLE IF EXISTS `act_re_deployment`;
CREATE TABLE `act_re_deployment` (
  `ID_` varchar(64) COLLATE utf8_bin NOT NULL DEFAULT '',
  `NAME_` varchar(255) COLLATE utf8_bin DEFAULT NULL,
  `CATEGORY_` varchar(255) COLLATE utf8_bin DEFAULT NULL,
  `TENANT_ID_` varchar(255) COLLATE utf8_bin DEFAULT '',
  `DEPLOY_TIME_` timestamp NOT NULL DEFAULT CURRENT_TIMESTAMP ON UPDATE CURRENT_TIMESTAMP,
  PRIMARY KEY (`ID_`)
) ENGINE=InnoDB DEFAULT CHARSET=utf8 COLLATE=utf8_bin;

-- ----------------------------
--  Records of `act_re_deployment`
-- ----------------------------
BEGIN;
INSERT INTO `act_re_deployment` VALUES ('b077a77155804c44bade007645473ea9', 'SpringAutoDeployment', null, '', '2015-08-12 09:23:12');
COMMIT;

-- ----------------------------
--  Table structure for `act_re_model`
-- ----------------------------
DROP TABLE IF EXISTS `act_re_model`;
CREATE TABLE `act_re_model` (
  `ID_` varchar(64) COLLATE utf8_bin NOT NULL,
  `REV_` int(11) DEFAULT NULL,
  `NAME_` varchar(255) COLLATE utf8_bin DEFAULT NULL,
  `KEY_` varchar(255) COLLATE utf8_bin DEFAULT NULL,
  `CATEGORY_` varchar(255) COLLATE utf8_bin DEFAULT NULL,
  `CREATE_TIME_` timestamp NULL DEFAULT NULL,
  `LAST_UPDATE_TIME_` timestamp NULL DEFAULT NULL,
  `VERSION_` int(11) DEFAULT NULL,
  `META_INFO_` varchar(4000) COLLATE utf8_bin DEFAULT NULL,
  `DEPLOYMENT_ID_` varchar(64) COLLATE utf8_bin DEFAULT NULL,
  `EDITOR_SOURCE_VALUE_ID_` varchar(64) COLLATE utf8_bin DEFAULT NULL,
  `EDITOR_SOURCE_EXTRA_VALUE_ID_` varchar(64) COLLATE utf8_bin DEFAULT NULL,
  `TENANT_ID_` varchar(255) COLLATE utf8_bin DEFAULT '',
  PRIMARY KEY (`ID_`),
  KEY `ACT_FK_MODEL_SOURCE` (`EDITOR_SOURCE_VALUE_ID_`),
  KEY `ACT_FK_MODEL_SOURCE_EXTRA` (`EDITOR_SOURCE_EXTRA_VALUE_ID_`),
  KEY `ACT_FK_MODEL_DEPLOYMENT` (`DEPLOYMENT_ID_`),
  CONSTRAINT `ACT_FK_MODEL_DEPLOYMENT` FOREIGN KEY (`DEPLOYMENT_ID_`) REFERENCES `act_re_deployment` (`ID_`),
  CONSTRAINT `ACT_FK_MODEL_SOURCE` FOREIGN KEY (`EDITOR_SOURCE_VALUE_ID_`) REFERENCES `act_ge_bytearray` (`ID_`),
  CONSTRAINT `ACT_FK_MODEL_SOURCE_EXTRA` FOREIGN KEY (`EDITOR_SOURCE_EXTRA_VALUE_ID_`) REFERENCES `act_ge_bytearray` (`ID_`)
) ENGINE=InnoDB DEFAULT CHARSET=utf8 COLLATE=utf8_bin;

-- ----------------------------
--  Table structure for `act_re_procdef`
-- ----------------------------
DROP TABLE IF EXISTS `act_re_procdef`;
CREATE TABLE `act_re_procdef` (
  `ID_` varchar(64) COLLATE utf8_bin NOT NULL,
  `REV_` int(11) DEFAULT NULL,
  `CATEGORY_` varchar(255) COLLATE utf8_bin DEFAULT NULL,
  `NAME_` varchar(255) COLLATE utf8_bin DEFAULT NULL,
  `KEY_` varchar(255) COLLATE utf8_bin NOT NULL,
  `VERSION_` int(11) NOT NULL,
  `DEPLOYMENT_ID_` varchar(64) COLLATE utf8_bin DEFAULT NULL,
  `RESOURCE_NAME_` varchar(4000) COLLATE utf8_bin DEFAULT NULL,
  `DGRM_RESOURCE_NAME_` varchar(4000) COLLATE utf8_bin DEFAULT NULL,
  `DESCRIPTION_` varchar(4000) COLLATE utf8_bin DEFAULT NULL,
  `HAS_START_FORM_KEY_` tinyint(4) DEFAULT NULL,
  `SUSPENSION_STATE_` int(11) DEFAULT NULL,
  `TENANT_ID_` varchar(255) COLLATE utf8_bin DEFAULT '',
  PRIMARY KEY (`ID_`),
  UNIQUE KEY `ACT_UNIQ_PROCDEF` (`KEY_`,`VERSION_`,`TENANT_ID_`)
) ENGINE=InnoDB DEFAULT CHARSET=utf8 COLLATE=utf8_bin;

-- ----------------------------
--  Records of `act_re_procdef`
-- ----------------------------
BEGIN;
INSERT INTO `act_re_procdef` VALUES ('test_audit:1:62f580488f7e478a86a25dac08756b27', '1', 'http://www.activiti.org/test', '', 'test_audit', '1', 'b077a77155804c44bade007645473ea9', 'test_audit.bpmn20.xml', 'test_audit.png', null, '1', '1', '');
COMMIT;

-- ----------------------------
--  Table structure for `act_ru_event_subscr`
-- ----------------------------
DROP TABLE IF EXISTS `act_ru_event_subscr`;
CREATE TABLE `act_ru_event_subscr` (
  `ID_` varchar(64) COLLATE utf8_bin NOT NULL,
  `REV_` int(11) DEFAULT NULL,
  `EVENT_TYPE_` varchar(255) COLLATE utf8_bin NOT NULL,
  `EVENT_NAME_` varchar(255) COLLATE utf8_bin DEFAULT NULL,
  `EXECUTION_ID_` varchar(64) COLLATE utf8_bin DEFAULT NULL,
  `PROC_INST_ID_` varchar(64) COLLATE utf8_bin DEFAULT NULL,
  `ACTIVITY_ID_` varchar(64) COLLATE utf8_bin DEFAULT NULL,
  `CONFIGURATION_` varchar(255) COLLATE utf8_bin DEFAULT NULL,
  `CREATED_` timestamp NOT NULL DEFAULT CURRENT_TIMESTAMP,
  `PROC_DEF_ID_` varchar(64) COLLATE utf8_bin DEFAULT NULL,
  `TENANT_ID_` varchar(255) COLLATE utf8_bin DEFAULT '',
  PRIMARY KEY (`ID_`),
  KEY `ACT_IDX_EVENT_SUBSCR_CONFIG_` (`CONFIGURATION_`),
  KEY `ACT_FK_EVENT_EXEC` (`EXECUTION_ID_`),
  CONSTRAINT `ACT_FK_EVENT_EXEC` FOREIGN KEY (`EXECUTION_ID_`) REFERENCES `act_ru_execution` (`ID_`)
) ENGINE=InnoDB DEFAULT CHARSET=utf8 COLLATE=utf8_bin;

-- ----------------------------
--  Table structure for `act_ru_execution`
-- ----------------------------
DROP TABLE IF EXISTS `act_ru_execution`;
CREATE TABLE `act_ru_execution` (
  `ID_` varchar(64) COLLATE utf8_bin NOT NULL DEFAULT '',
  `REV_` int(11) DEFAULT NULL,
  `PROC_INST_ID_` varchar(64) COLLATE utf8_bin DEFAULT NULL,
  `BUSINESS_KEY_` varchar(255) COLLATE utf8_bin DEFAULT NULL,
  `PARENT_ID_` varchar(64) COLLATE utf8_bin DEFAULT NULL,
  `PROC_DEF_ID_` varchar(64) COLLATE utf8_bin DEFAULT NULL,
  `SUPER_EXEC_` varchar(64) COLLATE utf8_bin DEFAULT NULL,
  `ACT_ID_` varchar(255) COLLATE utf8_bin DEFAULT NULL,
  `IS_ACTIVE_` tinyint(4) DEFAULT NULL,
  `IS_CONCURRENT_` tinyint(4) DEFAULT NULL,
  `IS_SCOPE_` tinyint(4) DEFAULT NULL,
  `IS_EVENT_SCOPE_` tinyint(4) DEFAULT NULL,
  `SUSPENSION_STATE_` int(11) DEFAULT NULL,
  `CACHED_ENT_STATE_` int(11) DEFAULT NULL,
  `TENANT_ID_` varchar(255) COLLATE utf8_bin DEFAULT '',
  PRIMARY KEY (`ID_`),
  KEY `ACT_IDX_EXEC_BUSKEY` (`BUSINESS_KEY_`),
  KEY `ACT_FK_EXE_PROCINST` (`PROC_INST_ID_`),
  KEY `ACT_FK_EXE_PARENT` (`PARENT_ID_`),
  KEY `ACT_FK_EXE_SUPER` (`SUPER_EXEC_`),
  KEY `ACT_FK_EXE_PROCDEF` (`PROC_DEF_ID_`),
  CONSTRAINT `ACT_FK_EXE_PARENT` FOREIGN KEY (`PARENT_ID_`) REFERENCES `act_ru_execution` (`ID_`),
  CONSTRAINT `ACT_FK_EXE_PROCDEF` FOREIGN KEY (`PROC_DEF_ID_`) REFERENCES `act_re_procdef` (`ID_`),
  CONSTRAINT `ACT_FK_EXE_PROCINST` FOREIGN KEY (`PROC_INST_ID_`) REFERENCES `act_ru_execution` (`ID_`) ON DELETE CASCADE ON UPDATE CASCADE,
  CONSTRAINT `ACT_FK_EXE_SUPER` FOREIGN KEY (`SUPER_EXEC_`) REFERENCES `act_ru_execution` (`ID_`)
) ENGINE=InnoDB DEFAULT CHARSET=utf8 COLLATE=utf8_bin;

-- ----------------------------
--  Table structure for `act_ru_identitylink`
-- ----------------------------
DROP TABLE IF EXISTS `act_ru_identitylink`;
CREATE TABLE `act_ru_identitylink` (
  `ID_` varchar(64) COLLATE utf8_bin NOT NULL DEFAULT '',
  `REV_` int(11) DEFAULT NULL,
  `GROUP_ID_` varchar(255) COLLATE utf8_bin DEFAULT NULL,
  `TYPE_` varchar(255) COLLATE utf8_bin DEFAULT NULL,
  `USER_ID_` varchar(255) COLLATE utf8_bin DEFAULT NULL,
  `TASK_ID_` varchar(64) COLLATE utf8_bin DEFAULT NULL,
  `PROC_INST_ID_` varchar(64) COLLATE utf8_bin DEFAULT NULL,
  `PROC_DEF_ID_` varchar(64) COLLATE utf8_bin DEFAULT NULL,
  PRIMARY KEY (`ID_`),
  KEY `ACT_IDX_IDENT_LNK_USER` (`USER_ID_`),
  KEY `ACT_IDX_IDENT_LNK_GROUP` (`GROUP_ID_`),
  KEY `ACT_IDX_ATHRZ_PROCEDEF` (`PROC_DEF_ID_`),
  KEY `ACT_FK_TSKASS_TASK` (`TASK_ID_`),
  KEY `ACT_FK_IDL_PROCINST` (`PROC_INST_ID_`),
  CONSTRAINT `ACT_FK_ATHRZ_PROCEDEF` FOREIGN KEY (`PROC_DEF_ID_`) REFERENCES `act_re_procdef` (`ID_`),
  CONSTRAINT `ACT_FK_IDL_PROCINST` FOREIGN KEY (`PROC_INST_ID_`) REFERENCES `act_ru_execution` (`ID_`),
  CONSTRAINT `ACT_FK_TSKASS_TASK` FOREIGN KEY (`TASK_ID_`) REFERENCES `act_ru_task` (`ID_`)
) ENGINE=InnoDB DEFAULT CHARSET=utf8 COLLATE=utf8_bin;

-- ----------------------------
--  Table structure for `act_ru_job`
-- ----------------------------
DROP TABLE IF EXISTS `act_ru_job`;
CREATE TABLE `act_ru_job` (
  `ID_` varchar(64) COLLATE utf8_bin NOT NULL,
  `REV_` int(11) DEFAULT NULL,
  `TYPE_` varchar(255) COLLATE utf8_bin NOT NULL,
  `LOCK_EXP_TIME_` timestamp NULL DEFAULT NULL,
  `LOCK_OWNER_` varchar(255) COLLATE utf8_bin DEFAULT NULL,
  `EXCLUSIVE_` tinyint(1) DEFAULT NULL,
  `EXECUTION_ID_` varchar(64) COLLATE utf8_bin DEFAULT NULL,
  `PROCESS_INSTANCE_ID_` varchar(64) COLLATE utf8_bin DEFAULT NULL,
  `PROC_DEF_ID_` varchar(64) COLLATE utf8_bin DEFAULT NULL,
  `RETRIES_` int(11) DEFAULT NULL,
  `EXCEPTION_STACK_ID_` varchar(64) COLLATE utf8_bin DEFAULT NULL,
  `EXCEPTION_MSG_` varchar(4000) COLLATE utf8_bin DEFAULT NULL,
  `DUEDATE_` timestamp NULL DEFAULT NULL,
  `REPEAT_` varchar(255) COLLATE utf8_bin DEFAULT NULL,
  `HANDLER_TYPE_` varchar(255) COLLATE utf8_bin DEFAULT NULL,
  `HANDLER_CFG_` varchar(4000) COLLATE utf8_bin DEFAULT NULL,
  `TENANT_ID_` varchar(255) COLLATE utf8_bin DEFAULT '',
  PRIMARY KEY (`ID_`),
  KEY `ACT_FK_JOB_EXCEPTION` (`EXCEPTION_STACK_ID_`),
  CONSTRAINT `ACT_FK_JOB_EXCEPTION` FOREIGN KEY (`EXCEPTION_STACK_ID_`) REFERENCES `act_ge_bytearray` (`ID_`)
) ENGINE=InnoDB DEFAULT CHARSET=utf8 COLLATE=utf8_bin;

-- ----------------------------
--  Table structure for `act_ru_task`
-- ----------------------------
DROP TABLE IF EXISTS `act_ru_task`;
CREATE TABLE `act_ru_task` (
  `ID_` varchar(64) COLLATE utf8_bin NOT NULL DEFAULT '',
  `REV_` int(11) DEFAULT NULL,
  `EXECUTION_ID_` varchar(64) COLLATE utf8_bin DEFAULT NULL,
  `PROC_INST_ID_` varchar(64) COLLATE utf8_bin DEFAULT NULL,
  `PROC_DEF_ID_` varchar(64) COLLATE utf8_bin DEFAULT NULL,
  `NAME_` varchar(255) COLLATE utf8_bin DEFAULT NULL,
  `PARENT_TASK_ID_` varchar(64) COLLATE utf8_bin DEFAULT NULL,
  `DESCRIPTION_` varchar(4000) COLLATE utf8_bin DEFAULT NULL,
  `TASK_DEF_KEY_` varchar(255) COLLATE utf8_bin DEFAULT NULL,
  `OWNER_` varchar(255) COLLATE utf8_bin DEFAULT NULL,
  `ASSIGNEE_` varchar(255) COLLATE utf8_bin DEFAULT NULL,
  `DELEGATION_` varchar(64) COLLATE utf8_bin DEFAULT NULL,
  `PRIORITY_` int(11) DEFAULT NULL,
  `CREATE_TIME_` timestamp NOT NULL DEFAULT CURRENT_TIMESTAMP ON UPDATE CURRENT_TIMESTAMP,
  `DUE_DATE_` datetime DEFAULT NULL,
  `CATEGORY_` varchar(255) COLLATE utf8_bin DEFAULT NULL,
  `SUSPENSION_STATE_` int(11) DEFAULT NULL,
  `TENANT_ID_` varchar(255) COLLATE utf8_bin DEFAULT '',
  PRIMARY KEY (`ID_`),
  KEY `ACT_IDX_TASK_CREATE` (`CREATE_TIME_`),
  KEY `ACT_FK_TASK_EXE` (`EXECUTION_ID_`),
  KEY `ACT_FK_TASK_PROCINST` (`PROC_INST_ID_`),
  KEY `ACT_FK_TASK_PROCDEF` (`PROC_DEF_ID_`),
  CONSTRAINT `ACT_FK_TASK_EXE` FOREIGN KEY (`EXECUTION_ID_`) REFERENCES `act_ru_execution` (`ID_`),
  CONSTRAINT `ACT_FK_TASK_PROCDEF` FOREIGN KEY (`PROC_DEF_ID_`) REFERENCES `act_re_procdef` (`ID_`),
  CONSTRAINT `ACT_FK_TASK_PROCINST` FOREIGN KEY (`PROC_INST_ID_`) REFERENCES `act_ru_execution` (`ID_`)
) ENGINE=InnoDB DEFAULT CHARSET=utf8 COLLATE=utf8_bin;

-- ----------------------------
--  Table structure for `act_ru_variable`
-- ----------------------------
DROP TABLE IF EXISTS `act_ru_variable`;
CREATE TABLE `act_ru_variable` (
  `ID_` varchar(64) COLLATE utf8_bin NOT NULL,
  `REV_` int(11) DEFAULT NULL,
  `TYPE_` varchar(255) COLLATE utf8_bin NOT NULL,
  `NAME_` varchar(255) COLLATE utf8_bin NOT NULL,
  `EXECUTION_ID_` varchar(64) COLLATE utf8_bin DEFAULT NULL,
  `PROC_INST_ID_` varchar(64) COLLATE utf8_bin DEFAULT NULL,
  `TASK_ID_` varchar(64) COLLATE utf8_bin DEFAULT NULL,
  `BYTEARRAY_ID_` varchar(64) COLLATE utf8_bin DEFAULT NULL,
  `DOUBLE_` double DEFAULT NULL,
  `LONG_` bigint(20) DEFAULT NULL,
  `TEXT_` varchar(4000) COLLATE utf8_bin DEFAULT NULL,
  `TEXT2_` varchar(4000) COLLATE utf8_bin DEFAULT NULL,
  PRIMARY KEY (`ID_`),
  KEY `ACT_IDX_VARIABLE_TASK_ID` (`TASK_ID_`),
  KEY `ACT_FK_VAR_EXE` (`EXECUTION_ID_`),
  KEY `ACT_FK_VAR_PROCINST` (`PROC_INST_ID_`),
  KEY `ACT_FK_VAR_BYTEARRAY` (`BYTEARRAY_ID_`),
  CONSTRAINT `ACT_FK_VAR_BYTEARRAY` FOREIGN KEY (`BYTEARRAY_ID_`) REFERENCES `act_ge_bytearray` (`ID_`),
  CONSTRAINT `ACT_FK_VAR_EXE` FOREIGN KEY (`EXECUTION_ID_`) REFERENCES `act_ru_execution` (`ID_`),
  CONSTRAINT `ACT_FK_VAR_PROCINST` FOREIGN KEY (`PROC_INST_ID_`) REFERENCES `act_ru_execution` (`ID_`)
) ENGINE=InnoDB DEFAULT CHARSET=utf8 COLLATE=utf8_bin;

-- ----------------------------
--  Table structure for `cms_article`
-- ----------------------------
DROP TABLE IF EXISTS `cms_article`;
CREATE TABLE `cms_article` (
  `id` varchar(64) COLLATE utf8_bin NOT NULL COMMENT '',
  `category_id` varchar(64) COLLATE utf8_bin NOT NULL COMMENT '',
  `title` varchar(255) COLLATE utf8_bin NOT NULL COMMENT '',
  `link` varchar(255) COLLATE utf8_bin DEFAULT NULL COMMENT '',
  `color` varchar(50) COLLATE utf8_bin DEFAULT NULL COMMENT '',
  `image` varchar(255) COLLATE utf8_bin DEFAULT NULL COMMENT '',
  `keywords` varchar(255) COLLATE utf8_bin DEFAULT NULL COMMENT '',
  `description` varchar(255) COLLATE utf8_bin DEFAULT NULL COMMENT '',
  `weight` int(11) DEFAULT '0' COMMENT '',
  `weight_date` datetime DEFAULT NULL COMMENT '',
  `hits` int(11) DEFAULT '0' COMMENT '',
  `posid` varchar(10) COLLATE utf8_bin DEFAULT NULL COMMENT '',
  `custom_content_view` varchar(255) COLLATE utf8_bin DEFAULT NULL COMMENT '',
  `view_config` text COLLATE utf8_bin COMMENT '',
  `create_by` varchar(64) COLLATE utf8_bin DEFAULT NULL COMMENT '',
  `create_date` datetime DEFAULT NULL COMMENT '',
  `update_by` varchar(64) COLLATE utf8_bin DEFAULT NULL COMMENT '',
  `update_date` datetime DEFAULT NULL COMMENT '',
  `remarks` varchar(255) COLLATE utf8_bin DEFAULT NULL COMMENT '',
  `del_flag` char(1) COLLATE utf8_bin NOT NULL DEFAULT '0' COMMENT '',
  PRIMARY KEY (`id`),
  KEY `cms_article_create_by` (`create_by`),
  KEY `cms_article_title` (`title`),
  KEY `cms_article_keywords` (`keywords`),
  KEY `cms_article_del_flag` (`del_flag`),
  KEY `cms_article_weight` (`weight`),
  KEY `cms_article_update_date` (`update_date`),
  KEY `cms_article_category_id` (`category_id`)
) ENGINE=InnoDB DEFAULT CHARSET=utf8 COLLATE=utf8_bin COMMENT='';

-- ----------------------------
--  Records of `cms_article`
-- ----------------------------
BEGIN;
INSERT INTO `cms_article` VALUES ('1', '3', '', null, 'green', null, '1,2', null, '0', null, '0', null, null, null, '1', '2013-05-27 08:00:00', '1', '2013-05-27 08:00:00', null, '0'), ('10', '4', '', null, null, null, '1,2', null, '0', null, '0', null, null, null, '1', '2013-05-27 08:00:00', '1', '2013-05-27 08:00:00', null, '0'), ('11', '5', '', null, null, null, '1,2', null, '0', null, '0', null, null, null, '1', '2013-05-27 08:00:00', '1', '2013-05-27 08:00:00', null, '0'), ('12', '5', '', null, null, null, '1,2', null, '0', null, '0', null, null, null, '1', '2013-05-27 08:00:00', '1', '2013-05-27 08:00:00', null, '0'), ('13', '5', '', null, null, null, '1,2', null, '0', null, '0', null, null, null, '1', '2013-05-27 08:00:00', '1', '2013-05-27 08:00:00', null, '0'), ('14', '7', '', null, null, null, '1,2', null, '0', null, '1', null, null, null, '1', '2013-05-27 08:00:00', '1', '2013-05-27 08:00:00', null, '0'), ('15', '7', '', null, null, null, '1,2', null, '0', null, '0', null, null, null, '1', '2013-05-27 08:00:00', '1', '2013-05-27 08:00:00', null, '0'), ('16', '7', '', null, null, null, '1,2', null, '0', null, '0', null, null, null, '1', '2013-05-27 08:00:00', '1', '2013-05-27 08:00:00', null, '0'), ('17', '7', '', null, null, null, '1,2', null, '0', null, '0', null, null, null, '1', '2013-05-27 08:00:00', '1', '2013-05-27 08:00:00', null, '0'), ('18', '8', '', null, null, null, '1,2', null, '0', null, '0', null, null, null, '1', '2013-05-27 08:00:00', '1', '2013-05-27 08:00:00', null, '0'), ('19', '8', '', null, null, null, '1,2', null, '0', null, '0', null, null, null, '1', '2013-05-27 08:00:00', '1', '2013-05-27 08:00:00', null, '0'), ('2', '3', '', null, 'red', null, '1,2', null, '0', null, '0', null, null, null, '1', '2013-05-27 08:00:00', '1', '2013-05-27 08:00:00', null, '0'), ('20', '8', '', null, null, null, '1,2', null, '0', null, '0', null, null, null, '1', '2013-05-27 08:00:00', '1', '2013-05-27 08:00:00', null, '0'), ('21', '8', '', null, null, null, '1,2', null, '0', null, '0', null, null, null, '1', '2013-05-27 08:00:00', '1', '2013-05-27 08:00:00', null, '0'), ('22', '9', '', null, null, null, '1,2', null, '0', null, '0', null, null, null, '1', '2013-05-27 08:00:00', '1', '2013-05-27 08:00:00', null, '0'), ('23', '9', '', null, null, null, '1,2', null, '0', null, '0', null, null, null, '1', '2013-05-27 08:00:00', '1', '2013-05-27 08:00:00', null, '0'), ('24', '9', '', null, null, null, '1,2', null, '0', null, '0', null, null, null, '1', '2013-05-27 08:00:00', '1', '2013-05-27 08:00:00', null, '0'), ('25', '9', '', null, null, null, '1,2', null, '0', null, '0', null, null, null, '1', '2013-05-27 08:00:00', '1', '2013-05-27 08:00:00', null, '0'), ('26', '9', '', null, null, null, '1,2', null, '0', null, '0', null, null, null, '1', '2013-05-27 08:00:00', '1', '2013-05-27 08:00:00', null, '0'), ('27', '11', '', null, null, null, '1,2', null, '0', null, '0', null, null, null, '1', '2013-05-27 08:00:00', '1', '2013-05-27 08:00:00', null, '0'), ('28', '11', '', null, null, null, '1,2', null, '0', null, '0', null, null, null, '1', '2013-05-27 08:00:00', '1', '2013-05-27 08:00:00', null, '0'), ('29', '11', '', null, null, null, '1,2', null, '0', null, '0', null, null, null, '1', '2013-05-27 08:00:00', '1', '2013-05-27 08:00:00', null, '0'), ('3', '3', '', null, null, null, '1,2', null, '0', null, '0', null, null, null, '1', '2013-05-27 08:00:00', '1', '2013-05-27 08:00:00', null, '0'), ('30', '11', '', null, null, null, '1,2', null, '0', null, '0', null, null, null, '1', '2013-05-27 08:00:00', '1', '2013-05-27 08:00:00', null, '0'), ('31', '11', '', null, null, null, '1,2', null, '0', null, '0', null, null, null, '1', '2013-05-27 08:00:00', '1', '2013-05-27 08:00:00', null, '0'), ('32', '12', '', null, null, null, '1,2', null, '0', null, '0', null, null, null, '1', '2013-05-27 08:00:00', '1', '2013-05-27 08:00:00', null, '0'), ('33', '12', '', null, null, null, '1,2', null, '0', null, '0', null, null, null, '1', '2013-05-27 08:00:00', '1', '2013-05-27 08:00:00', null, '0'), ('34', '12', '', null, null, null, '1,2', null, '0', null, '0', null, null, null, '1', '2013-05-27 08:00:00', '1', '2013-05-27 08:00:00', null, '0'), ('35', '12', '', null, null, null, '1,2', null, '0', null, '0', null, null, null, '1', '2013-05-27 08:00:00', '1', '2013-05-27 08:00:00', null, '0'), ('36', '12', '', null, null, null, '1,2', null, '0', null, '0', null, null, null, '1', '2013-05-27 08:00:00', '1', '2013-05-27 08:00:00', null, '0'), ('37', '13', '', null, null, null, '1,2', null, '0', null, '0', null, null, null, '1', '2013-05-27 08:00:00', '1', '2013-05-27 08:00:00', null, '0'), ('38', '13', '', null, null, null, '1,2', null, '0', null, '0', null, null, null, '1', '2013-05-27 08:00:00', '1', '2013-05-27 08:00:00', null, '0'), ('39', '13', '', null, null, null, '1,2', null, '0', null, '0', null, null, null, '1', '2013-05-27 08:00:00', '1', '2013-05-27 08:00:00', null, '0'), ('4', '3', '', null, 'green', null, '1,2', null, '0', null, '0', null, null, null, '1', '2013-05-27 08:00:00', '1', '2013-05-27 08:00:00', null, '0'), ('40', '13', '', null, null, null, '1,2', null, '0', null, '0', null, null, null, '1', '2013-05-27 08:00:00', '1', '2013-05-27 08:00:00', null, '0'), ('41', '14', '', null, null, null, '1,2', null, '0', null, '0', null, null, null, '1', '2013-05-27 08:00:00', '1', '2013-05-27 08:00:00', null, '0'), ('42', '14', '', null, null, null, '1,2', null, '0', null, '0', null, null, null, '1', '2013-05-27 08:00:00', '1', '2013-05-27 08:00:00', null, '0'), ('43', '14', '', null, null, null, '1,2', null, '0', null, '0', null, null, null, '1', '2013-05-27 08:00:00', '1', '2013-05-27 08:00:00', null, '0'), ('44', '14', '', null, null, null, '1,2', null, '0', null, '0', null, null, null, '1', '2013-05-27 08:00:00', '1', '2013-05-27 08:00:00', null, '0'), ('45', '14', '', null, null, null, '1,2', null, '0', null, '0', null, null, null, '1', '2013-05-27 08:00:00', '1', '2013-05-27 08:00:00', null, '0'), ('46', '15', '', null, null, null, '1,2', null, '0', null, '0', null, null, null, '1', '2013-05-27 08:00:00', '1', '2013-05-27 08:00:00', null, '0'), ('47', '15', '', null, null, null, '1,2', null, '0', null, '0', null, null, null, '1', '2013-05-27 08:00:00', '1', '2013-05-27 08:00:00', null, '0'), ('48', '15', '', null, null, null, '1,2', null, '0', null, '0', null, null, null, '1', '2013-05-27 08:00:00', '1', '2013-05-27 08:00:00', null, '0'), ('49', '16', '', null, null, null, '1,2', null, '0', null, '0', null, null, null, '1', '2013-05-27 08:00:00', '1', '2013-05-27 08:00:00', null, '0'), ('5', '3', '', null, null, null, '1,2', null, '0', null, '0', null, null, null, '1', '2013-05-27 08:00:00', '1', '2013-05-27 08:00:00', null, '0'), ('50', '17', '', null, null, null, '1,2', null, '0', null, '0', null, null, null, '1', '2013-05-27 08:00:00', '1', '2013-05-27 08:00:00', null, '0'), ('51', '17', '', null, null, null, '1,2', null, '0', null, '0', null, null, null, '1', '2013-05-27 08:00:00', '1', '2013-05-27 08:00:00', null, '0'), ('52', '26', '', null, null, null, '1,2', null, '0', null, '0', null, null, null, '1', '2013-05-27 08:00:00', '1', '2013-05-27 08:00:00', null, '0'), ('53', '26', '', null, null, null, '1,2', null, '0', null, '0', null, null, null, '1', '2013-05-27 08:00:00', '1', '2013-05-27 08:00:00', null, '0'), ('6', '3', '', null, null, null, '1,2', null, '0', null, '0', null, null, null, '1', '2013-05-27 08:00:00', '1', '2013-05-27 08:00:00', null, '0'), ('7', '4', '', null, null, null, '1,2', null, '0', null, '0', null, null, null, '1', '2013-05-27 08:00:00', '1', '2013-05-27 08:00:00', null, '0'), ('8', '4', '', null, 'blue', null, '1,2', null, '0', null, '0', null, null, null, '1', '2013-05-27 08:00:00', '1', '2013-05-27 08:00:00', null, '0'), ('9', '4', '', null, null, null, '1,2', null, '0', null, '0', null, null, null, '1', '2013-05-27 08:00:00', '1', '2013-05-27 08:00:00', null, '0');
COMMIT;

-- ----------------------------
--  Table structure for `cms_article_data`
-- ----------------------------
DROP TABLE IF EXISTS `cms_article_data`;
CREATE TABLE `cms_article_data` (
  `id` varchar(64) COLLATE utf8_bin NOT NULL COMMENT '',
  `content` text COLLATE utf8_bin COMMENT '',
  `copyfrom` varchar(255) COLLATE utf8_bin DEFAULT NULL COMMENT '',
  `relation` varchar(255) COLLATE utf8_bin DEFAULT NULL COMMENT '',
  `allow_comment` char(1) COLLATE utf8_bin DEFAULT NULL COMMENT '',
  PRIMARY KEY (`id`)
) ENGINE=InnoDB DEFAULT CHARSET=utf8 COLLATE=utf8_bin COMMENT='';

-- ----------------------------
--  Records of `cms_article_data`
-- ----------------------------
BEGIN;
INSERT INTO `cms_article_data` VALUES ('1', 0xe69687e7aba0e58685e5aeb9e58685e5aeb9e58685e5aeb9e58685e5aeb9, '', '1,2,3', '1'), ('10', 0xe69687e7aba0e58685e5aeb9e58685e5aeb9e58685e5aeb9e58685e5aeb9, '', '1,2,3', '1'), ('11', 0xe69687e7aba0e58685e5aeb9e58685e5aeb9e58685e5aeb9e58685e5aeb9, '', '1,2,3', '1'), ('12', 0xe69687e7aba0e58685e5aeb9e58685e5aeb9e58685e5aeb9e58685e5aeb9, '', '1,2,3', '1'), ('13', 0xe69687e7aba0e58685e5aeb9e58685e5aeb9e58685e5aeb9e58685e5aeb9, '', '1,2,3', '1'), ('14', 0xe69687e7aba0e58685e5aeb9e58685e5aeb9e58685e5aeb9e58685e5aeb9, '', '1,2,3', '1'), ('15', 0xe69687e7aba0e58685e5aeb9e58685e5aeb9e58685e5aeb9e58685e5aeb9, '', '1,2,3', '1'), ('16', 0xe69687e7aba0e58685e5aeb9e58685e5aeb9e58685e5aeb9e58685e5aeb9, '', '1,2,3', '1'), ('17', 0xe69687e7aba0e58685e5aeb9e58685e5aeb9e58685e5aeb9e58685e5aeb9, '', '1,2,3', '1'), ('18', 0xe69687e7aba0e58685e5aeb9e58685e5aeb9e58685e5aeb9e58685e5aeb9, '', '1,2,3', '1'), ('19', 0xe69687e7aba0e58685e5aeb9e58685e5aeb9e58685e5aeb9e58685e5aeb9, '', '1,2,3', '1'), ('2', 0xe69687e7aba0e58685e5aeb9e58685e5aeb9e58685e5aeb9e58685e5aeb9, '', '1,2,3', '1'), ('20', 0xe69687e7aba0e58685e5aeb9e58685e5aeb9e58685e5aeb9e58685e5aeb9, '', '1,2,3', '1'), ('21', 0xe69687e7aba0e58685e5aeb9e58685e5aeb9e58685e5aeb9e58685e5aeb9, '', '1,2,3', '1'), ('22', 0xe69687e7aba0e58685e5aeb9e58685e5aeb9e58685e5aeb9e58685e5aeb9, '', '1,2,3', '1'), ('23', 0xe69687e7aba0e58685e5aeb9e58685e5aeb9e58685e5aeb9e58685e5aeb9, '', '1,2,3', '1'), ('24', 0xe69687e7aba0e58685e5aeb9e58685e5aeb9e58685e5aeb9e58685e5aeb9, '', '1,2,3', '1'), ('25', 0xe69687e7aba0e58685e5aeb9e58685e5aeb9e58685e5aeb9e58685e5aeb9, '', '1,2,3', '1'), ('26', 0xe69687e7aba0e58685e5aeb9e58685e5aeb9e58685e5aeb9e58685e5aeb9, '', '1,2,3', '1'), ('27', 0xe69687e7aba0e58685e5aeb9e58685e5aeb9e58685e5aeb9e58685e5aeb9, '', '1,2,3', '1'), ('28', 0xe69687e7aba0e58685e5aeb9e58685e5aeb9e58685e5aeb9e58685e5aeb9, '', '1,2,3', '1'), ('29', 0xe69687e7aba0e58685e5aeb9e58685e5aeb9e58685e5aeb9e58685e5aeb9, '', '1,2,3', '1'), ('3', 0xe69687e7aba0e58685e5aeb9e58685e5aeb9e58685e5aeb9e58685e5aeb9, '', '1,2,3', '1'), ('30', 0xe69687e7aba0e58685e5aeb9e58685e5aeb9e58685e5aeb9e58685e5aeb9, '', '1,2,3', '1'), ('31', 0xe69687e7aba0e58685e5aeb9e58685e5aeb9e58685e5aeb9e58685e5aeb9, '', '1,2,3', '1'), ('32', 0xe69687e7aba0e58685e5aeb9e58685e5aeb9e58685e5aeb9e58685e5aeb9, '', '1,2,3', '1'), ('33', 0xe69687e7aba0e58685e5aeb9e58685e5aeb9e58685e5aeb9e58685e5aeb9, '', '1,2,3', '1'), ('34', 0xe69687e7aba0e58685e5aeb9e58685e5aeb9e58685e5aeb9e58685e5aeb9, '', '1,2,3', '1'), ('35', 0xe69687e7aba0e58685e5aeb9e58685e5aeb9e58685e5aeb9e58685e5aeb9, '', '1,2,3', '1'), ('36', 0xe69687e7aba0e58685e5aeb9e58685e5aeb9e58685e5aeb9e58685e5aeb9, '', '1,2,3', '1'), ('37', 0xe69687e7aba0e58685e5aeb9e58685e5aeb9e58685e5aeb9e58685e5aeb9, '', '1,2,3', '1'), ('38', 0xe69687e7aba0e58685e5aeb9e58685e5aeb9e58685e5aeb9e58685e5aeb9, '', '1,2,3', '1'), ('39', 0xe69687e7aba0e58685e5aeb9e58685e5aeb9e58685e5aeb9e58685e5aeb9, '', '1,2,3', '1'), ('4', 0xe69687e7aba0e58685e5aeb9e58685e5aeb9e58685e5aeb9e58685e5aeb9, '', '1,2,3', '1'), ('40', 0xe69687e7aba0e58685e5aeb9e58685e5aeb9e58685e5aeb9e58685e5aeb9, '', '1,2,3', '1'), ('41', 0xe69687e7aba0e58685e5aeb9e58685e5aeb9e58685e5aeb9e58685e5aeb9, '', '1,2,3', '1'), ('42', 0xe69687e7aba0e58685e5aeb9e58685e5aeb9e58685e5aeb9e58685e5aeb9, '', '1,2,3', '1'), ('43', 0xe69687e7aba0e58685e5aeb9e58685e5aeb9e58685e5aeb9e58685e5aeb9, '', '1,2,3', '1'), ('44', 0xe69687e7aba0e58685e5aeb9e58685e5aeb9e58685e5aeb9e58685e5aeb9, '', '1,2,3', '1'), ('45', 0xe69687e7aba0e58685e5aeb9e58685e5aeb9e58685e5aeb9e58685e5aeb9, '', '1,2,3', '1'), ('46', 0xe69687e7aba0e58685e5aeb9e58685e5aeb9e58685e5aeb9e58685e5aeb9, '', '1,2,3', '1'), ('47', 0xe69687e7aba0e58685e5aeb9e58685e5aeb9e58685e5aeb9e58685e5aeb9, '', '1,2,3', '1'), ('48', 0xe69687e7aba0e58685e5aeb9e58685e5aeb9e58685e5aeb9e58685e5aeb9, '', '1,2,3', '1'), ('49', 0xe69687e7aba0e58685e5aeb9e58685e5aeb9e58685e5aeb9e58685e5aeb9, '', '1,2,3', '1'), ('5', 0xe69687e7aba0e58685e5aeb9e58685e5aeb9e58685e5aeb9e58685e5aeb9, '', '1,2,3', '1'), ('50', 0xe69687e7aba0e58685e5aeb9e58685e5aeb9e58685e5aeb9e58685e5aeb9, '', '1,2,3', '1'), ('51', 0xe69687e7aba0e58685e5aeb9e58685e5aeb9e58685e5aeb9e58685e5aeb9, '', '1,2,3', '1'), ('52', 0xe69687e7aba0e58685e5aeb9e58685e5aeb9e58685e5aeb9e58685e5aeb9, '', '1,2,3', '1'), ('53', 0xe69687e7aba0e58685e5aeb9e58685e5aeb9e58685e5aeb9e58685e5aeb9, '', '1,2,3', '1'), ('6', 0xe69687e7aba0e58685e5aeb9e58685e5aeb9e58685e5aeb9e58685e5aeb9, '', '1,2,3', '1'), ('7', 0xe69687e7aba0e58685e5aeb9e58685e5aeb9e58685e5aeb9e58685e5aeb9, '', '1,2,3', '1'), ('8', 0xe69687e7aba0e58685e5aeb9e58685e5aeb9e58685e5aeb9e58685e5aeb9, '', '1,2,3', '1'), ('9', 0xe69687e7aba0e58685e5aeb9e58685e5aeb9e58685e5aeb9e58685e5aeb9, '', '1,2,3', '1');
COMMIT;

-- ----------------------------
--  Table structure for `cms_category`
-- ----------------------------
DROP TABLE IF EXISTS `cms_category`;
CREATE TABLE `cms_category` (
  `id` varchar(64) COLLATE utf8_bin NOT NULL COMMENT '',
  `parent_id` varchar(64) COLLATE utf8_bin NOT NULL COMMENT '',
  `parent_ids` varchar(2000) COLLATE utf8_bin NOT NULL COMMENT '',
  `site_id` varchar(64) COLLATE utf8_bin DEFAULT '1' COMMENT '',
  `office_id` varchar(64) COLLATE utf8_bin DEFAULT NULL COMMENT '',
  `module` varchar(20) COLLATE utf8_bin DEFAULT NULL COMMENT '',
  `name` varchar(100) COLLATE utf8_bin NOT NULL COMMENT '',
  `image` varchar(255) COLLATE utf8_bin DEFAULT NULL COMMENT '',
  `href` varchar(255) COLLATE utf8_bin DEFAULT NULL COMMENT '',
  `target` varchar(20) COLLATE utf8_bin DEFAULT NULL COMMENT '',
  `description` varchar(255) COLLATE utf8_bin DEFAULT NULL COMMENT '',
  `keywords` varchar(255) COLLATE utf8_bin DEFAULT NULL COMMENT '',
  `sort` int(11) DEFAULT '30' COMMENT '',
  `in_menu` char(1) COLLATE utf8_bin DEFAULT '1' COMMENT '',
  `in_list` char(1) COLLATE utf8_bin DEFAULT '1' COMMENT '',
  `show_modes` char(1) COLLATE utf8_bin DEFAULT '0' COMMENT '',
  `allow_comment` char(1) COLLATE utf8_bin DEFAULT NULL COMMENT '',
  `is_audit` char(1) COLLATE utf8_bin DEFAULT NULL COMMENT '',
  `custom_list_view` varchar(255) COLLATE utf8_bin DEFAULT NULL COMMENT '',
  `custom_content_view` varchar(255) COLLATE utf8_bin DEFAULT NULL COMMENT '',
  `view_config` text COLLATE utf8_bin COMMENT '',
  `create_by` varchar(64) COLLATE utf8_bin DEFAULT NULL COMMENT '',
  `create_date` datetime DEFAULT NULL COMMENT '',
  `update_by` varchar(64) COLLATE utf8_bin DEFAULT NULL COMMENT '',
  `update_date` datetime DEFAULT NULL COMMENT '',
  `remarks` varchar(255) COLLATE utf8_bin DEFAULT NULL COMMENT '',
  `del_flag` char(1) COLLATE utf8_bin NOT NULL DEFAULT '0' COMMENT '',
  PRIMARY KEY (`id`),
  KEY `cms_category_parent_id` (`parent_id`),
  KEY `cms_category_module` (`module`),
  KEY `cms_category_name` (`name`),
  KEY `cms_category_sort` (`sort`),
  KEY `cms_category_del_flag` (`del_flag`),
  KEY `cms_category_office_id` (`office_id`),
  KEY `cms_category_site_id` (`site_id`)
) ENGINE=InnoDB DEFAULT CHARSET=utf8 COLLATE=utf8_bin COMMENT='';

-- ----------------------------
--  Records of `cms_category`
-- ----------------------------
BEGIN;
INSERT INTO `cms_category` VALUES ('1', '0', '0,', '0', '1', null, '', null, null, null, null, null, '0', '1', '1', '0', '0', '1', null, null, null, '1', '2013-05-27 08:00:00', '1', '2013-05-27 08:00:00', null, '0'), ('10', '1', '0,1,', '1', '4', 'article', '', null, null, null, null, null, '20', '1', '1', '0', '1', '0', null, null, null, '1', '2013-05-27 08:00:00', '1', '2013-05-27 08:00:00', null, '0'), ('11', '10', '0,1,10,', '1', '4', 'article', '', null, null, null, null, null, '30', '1', '1', '0', '1', '0', null, null, null, '1', '2013-05-27 08:00:00', '1', '2013-05-27 08:00:00', null, '0'), ('12', '10', '0,1,10,', '1', '4', 'article', '', null, null, null, null, null, '40', '1', '1', '0', '1', '0', null, null, null, '1', '2013-05-27 08:00:00', '1', '2013-05-27 08:00:00', null, '0'), ('13', '10', '0,1,10,', '1', '4', 'article', '', null, null, null, null, null, '50', '1', '1', '0', '1', '0', null, null, null, '1', '2013-05-27 08:00:00', '1', '2013-05-27 08:00:00', null, '0'), ('14', '10', '0,1,10,', '1', '4', 'article', '', null, null, null, null, null, '50', '1', '1', '0', '1', '0', null, null, null, '1', '2013-05-27 08:00:00', '1', '2013-05-27 08:00:00', null, '0'), ('15', '10', '0,1,10,', '1', '4', 'article', '', null, null, null, null, null, '50', '1', '1', '0', '1', '0', null, null, null, '1', '2013-05-27 08:00:00', '1', '2013-05-27 08:00:00', null, '0'), ('16', '10', '0,1,10,', '1', '4', 'article', '', null, null, null, null, null, '50', '1', '1', '0', '1', '0', null, null, null, '1', '2013-05-27 08:00:00', '1', '2013-05-27 08:00:00', null, '0'), ('17', '10', '0,1,10,', '1', '4', 'article', '', null, null, null, null, null, '50', '1', '1', '2', '1', '0', null, null, null, '1', '2013-05-27 08:00:00', '1', '2013-05-27 08:00:00', null, '0'), ('18', '1', '0,1,', '1', '5', 'link', '', null, null, null, null, null, '90', '1', '1', '0', '1', '0', null, null, null, '1', '2013-05-27 08:00:00', '1', '2013-05-27 08:00:00', null, '0'), ('19', '18', '0,1,18,', '1', '5', 'link', '', null, null, null, null, null, '50', '1', '1', '0', '1', '0', null, null, null, '1', '2013-05-27 08:00:00', '1', '2013-05-27 08:00:00', null, '0'), ('2', '1', '0,1,', '1', '3', 'article', '', null, null, null, null, null, '10', '1', '1', '0', '0', '1', null, null, null, '1', '2013-05-27 08:00:00', '1', '2013-05-27 08:00:00', null, '0'), ('20', '18', '0,1,18,', '1', '5', 'link', '', null, null, null, null, null, '50', '1', '1', '0', '1', '0', null, null, null, '1', '2013-05-27 08:00:00', '1', '2013-05-27 08:00:00', null, '0'), ('21', '18', '0,1,18,', '1', '5', 'link', '', null, null, null, null, null, '50', '1', '1', '0', '1', '0', null, null, null, '1', '2013-05-27 08:00:00', '1', '2013-05-27 08:00:00', null, '0'), ('22', '18', '0,1,18,', '1', '5', 'link', '', null, null, null, null, null, '50', '1', '1', '0', '1', '0', null, null, null, '1', '2013-05-27 08:00:00', '1', '2013-05-27 08:00:00', null, '0'), ('23', '18', '0,1,18,', '1', '5', 'link', '', null, null, null, null, null, '50', '1', '1', '0', '1', '0', null, null, null, '1', '2013-05-27 08:00:00', '1', '2013-05-27 08:00:00', null, '0'), ('24', '1', '0,1,', '1', '6', null, '', null, 'http://www.baidu.com', '_blank', null, null, '90', '1', '1', '0', '1', '0', null, null, null, '1', '2013-05-27 08:00:00', '1', '2013-05-27 08:00:00', null, '0'), ('25', '1', '0,1,', '1', '6', null, '', null, '/search', null, null, null, '90', '0', '1', '0', '1', '0', null, null, null, '1', '2013-05-27 08:00:00', '1', '2013-05-27 08:00:00', null, '0'), ('26', '1', '0,1,', '2', '6', 'article', '', null, null, null, null, null, '90', '1', '1', '0', '1', '0', null, null, null, '1', '2013-05-27 08:00:00', '1', '2013-05-27 08:00:00', null, '0'), ('27', '1', '0,1,', '1', '6', null, '', null, '/guestbook', null, null, null, '90', '1', '1', '0', '1', '0', null, null, null, '1', '2013-05-27 08:00:00', '1', '2013-05-27 08:00:00', null, '0'), ('3', '2', '0,1,2,', '1', '3', 'article', '', null, null, null, null, null, '30', '1', '1', '0', '0', '1', null, null, null, '1', '2013-05-27 08:00:00', '1', '2013-05-27 08:00:00', null, '0'), ('4', '2', '0,1,2,', '1', '3', 'article', '', null, null, null, null, null, '40', '1', '1', '0', '0', '1', null, null, null, '1', '2013-05-27 08:00:00', '1', '2013-05-27 08:00:00', null, '0'), ('5', '2', '0,1,2,', '1', '3', 'article', '', null, null, null, null, null, '50', '1', '1', '0', '0', '1', null, null, null, '1', '2013-05-27 08:00:00', '1', '2013-05-27 08:00:00', null, '0'), ('6', '1', '0,1,', '1', '3', 'article', '', null, null, null, null, null, '20', '1', '1', '1', '1', '0', null, null, null, '1', '2013-05-27 08:00:00', '1', '2013-05-27 08:00:00', null, '0'), ('7', '6', '0,1,6,', '1', '3', 'article', '', null, null, null, null, null, '30', '1', '1', '0', '1', '0', null, null, null, '1', '2013-05-27 08:00:00', '1', '2013-05-27 08:00:00', null, '0'), ('8', '6', '0,1,6,', '1', '3', 'article', '', null, null, null, null, null, '40', '1', '1', '0', '1', '0', null, null, null, '1', '2013-05-27 08:00:00', '1', '2013-05-27 08:00:00', null, '0'), ('9', '6', '0,1,6,', '1', '3', 'article', '', null, null, null, null, null, '50', '1', '1', '0', '1', '0', null, null, null, '1', '2013-05-27 08:00:00', '1', '2013-05-27 08:00:00', null, '0');
COMMIT;

-- ----------------------------
--  Table structure for `cms_comment`
-- ----------------------------
DROP TABLE IF EXISTS `cms_comment`;
CREATE TABLE `cms_comment` (
  `id` varchar(64) COLLATE utf8_bin NOT NULL COMMENT '',
  `category_id` varchar(64) COLLATE utf8_bin NOT NULL COMMENT '',
  `content_id` varchar(64) COLLATE utf8_bin NOT NULL COMMENT '',
  `title` varchar(255) COLLATE utf8_bin DEFAULT NULL COMMENT '',
  `content` varchar(255) COLLATE utf8_bin DEFAULT NULL COMMENT '',
  `name` varchar(100) COLLATE utf8_bin DEFAULT NULL COMMENT '',
  `ip` varchar(100) COLLATE utf8_bin DEFAULT NULL COMMENT 'IP',
  `create_date` datetime NOT NULL COMMENT '',
  `audit_user_id` varchar(64) COLLATE utf8_bin DEFAULT NULL COMMENT '',
  `audit_date` datetime DEFAULT NULL COMMENT '',
  `del_flag` char(1) COLLATE utf8_bin NOT NULL DEFAULT '0' COMMENT '',
  PRIMARY KEY (`id`),
  KEY `cms_comment_category_id` (`category_id`),
  KEY `cms_comment_content_id` (`content_id`),
  KEY `cms_comment_status` (`del_flag`)
) ENGINE=InnoDB DEFAULT CHARSET=utf8 COLLATE=utf8_bin COMMENT='';

-- ----------------------------
--  Table structure for `cms_guestbook`
-- ----------------------------
DROP TABLE IF EXISTS `cms_guestbook`;
CREATE TABLE `cms_guestbook` (
  `id` varchar(64) COLLATE utf8_bin NOT NULL COMMENT '',
  `type` char(1) COLLATE utf8_bin NOT NULL COMMENT '',
  `content` varchar(255) COLLATE utf8_bin NOT NULL COMMENT '',
  `name` varchar(100) COLLATE utf8_bin NOT NULL COMMENT '',
  `email` varchar(100) COLLATE utf8_bin NOT NULL COMMENT '',
  `phone` varchar(100) COLLATE utf8_bin NOT NULL COMMENT '',
  `workunit` varchar(100) COLLATE utf8_bin NOT NULL COMMENT '',
  `ip` varchar(100) COLLATE utf8_bin NOT NULL COMMENT 'IP',
  `create_date` datetime NOT NULL COMMENT '',
  `re_user_id` varchar(64) COLLATE utf8_bin DEFAULT NULL COMMENT '',
  `re_date` datetime DEFAULT NULL COMMENT '',
  `re_content` varchar(100) COLLATE utf8_bin DEFAULT NULL COMMENT '',
  `del_flag` char(1) COLLATE utf8_bin NOT NULL DEFAULT '0' COMMENT '',
  PRIMARY KEY (`id`),
  KEY `cms_guestbook_del_flag` (`del_flag`)
) ENGINE=InnoDB DEFAULT CHARSET=utf8 COLLATE=utf8_bin COMMENT='';

-- ----------------------------
--  Table structure for `cms_link`
-- ----------------------------
DROP TABLE IF EXISTS `cms_link`;
CREATE TABLE `cms_link` (
  `id` varchar(64) COLLATE utf8_bin NOT NULL COMMENT '',
  `category_id` varchar(64) COLLATE utf8_bin NOT NULL COMMENT '',
  `title` varchar(255) COLLATE utf8_bin NOT NULL COMMENT '',
  `color` varchar(50) COLLATE utf8_bin DEFAULT NULL COMMENT '',
  `image` varchar(255) COLLATE utf8_bin DEFAULT NULL COMMENT '',
  `href` varchar(255) COLLATE utf8_bin DEFAULT NULL COMMENT '',
  `weight` int(11) DEFAULT '0' COMMENT '',
  `weight_date` datetime DEFAULT NULL COMMENT '',
  `create_by` varchar(64) COLLATE utf8_bin DEFAULT NULL COMMENT '',
  `create_date` datetime DEFAULT NULL COMMENT '',
  `update_by` varchar(64) COLLATE utf8_bin DEFAULT NULL COMMENT '',
  `update_date` datetime DEFAULT NULL COMMENT '',
  `remarks` varchar(255) COLLATE utf8_bin DEFAULT NULL COMMENT '',
  `del_flag` char(1) COLLATE utf8_bin NOT NULL DEFAULT '0' COMMENT '',
  PRIMARY KEY (`id`),
  KEY `cms_link_category_id` (`category_id`),
  KEY `cms_link_title` (`title`),
  KEY `cms_link_del_flag` (`del_flag`),
  KEY `cms_link_weight` (`weight`),
  KEY `cms_link_create_by` (`create_by`),
  KEY `cms_link_update_date` (`update_date`)
) ENGINE=InnoDB DEFAULT CHARSET=utf8 COLLATE=utf8_bin COMMENT='';

-- ----------------------------
--  Records of `cms_link`
-- ----------------------------
BEGIN;
INSERT INTO `cms_link` VALUES ('1', '19', 'JeeSite', null, null, 'http://thinkgem.github.com/jeesite', '0', null, '1', '2013-05-27 08:00:00', '1', '2013-05-27 08:00:00', null, '0'), ('10', '22', '58', null, null, 'http://www.58.com/', '0', null, '1', '2013-05-27 08:00:00', '1', '2013-05-27 08:00:00', null, '0'), ('11', '23', '', null, null, 'http://v.360.cn/', '0', null, '1', '2013-05-27 08:00:00', '1', '2013-05-27 08:00:00', null, '0'), ('12', '23', '', null, null, 'http://www.ifeng.com/', '0', null, '1', '2013-05-27 08:00:00', '1', '2013-05-27 08:00:00', null, '0'), ('2', '19', 'ThinkGem', null, null, 'http://thinkgem.iteye.com/', '0', null, '1', '2013-05-27 08:00:00', '1', '2013-05-27 08:00:00', null, '0'), ('3', '19', '', null, null, 'http://www.baidu.com', '0', null, '1', '2013-05-27 08:00:00', '1', '2013-05-27 08:00:00', null, '0'), ('4', '19', '', null, null, 'http://www.google.com', '0', null, '1', '2013-05-27 08:00:00', '1', '2013-05-27 08:00:00', null, '0'), ('5', '20', '', null, null, 'http://www.sina.com.cn', '0', null, '1', '2013-05-27 08:00:00', '1', '2013-05-27 08:00:00', null, '0'), ('6', '20', '', null, null, 'http://www.qq.com/', '0', null, '1', '2013-05-27 08:00:00', '1', '2013-05-27 08:00:00', null, '0'), ('7', '21', '', null, null, 'http://www.taobao.com/', '0', null, '1', '2013-05-27 08:00:00', '1', '2013-05-27 08:00:00', null, '0'), ('8', '21', '', null, null, 'http://www.xinhuanet.com/', '0', null, '1', '2013-05-27 08:00:00', '1', '2013-05-27 08:00:00', null, '0'), ('9', '22', '', null, null, 'http://www.ganji.com/', '0', null, '1', '2013-05-27 08:00:00', '1', '2013-05-27 08:00:00', null, '0');
COMMIT;

-- ----------------------------
--  Table structure for `cms_site`
-- ----------------------------
DROP TABLE IF EXISTS `cms_site`;
CREATE TABLE `cms_site` (
  `id` varchar(64) COLLATE utf8_bin NOT NULL COMMENT '',
  `name` varchar(100) COLLATE utf8_bin NOT NULL COMMENT '',
  `title` varchar(100) COLLATE utf8_bin NOT NULL COMMENT '',
  `logo` varchar(255) COLLATE utf8_bin DEFAULT NULL COMMENT 'Logo',
  `domain` varchar(255) COLLATE utf8_bin DEFAULT NULL COMMENT '',
  `description` varchar(255) COLLATE utf8_bin DEFAULT NULL COMMENT '',
  `keywords` varchar(255) COLLATE utf8_bin DEFAULT NULL COMMENT '',
  `theme` varchar(255) COLLATE utf8_bin DEFAULT 'default' COMMENT '',
  `copyright` text COLLATE utf8_bin COMMENT '',
  `custom_index_view` varchar(255) COLLATE utf8_bin DEFAULT NULL COMMENT '',
  `create_by` varchar(64) COLLATE utf8_bin DEFAULT NULL COMMENT '',
  `create_date` datetime DEFAULT NULL COMMENT '',
  `update_by` varchar(64) COLLATE utf8_bin DEFAULT NULL COMMENT '',
  `update_date` datetime DEFAULT NULL COMMENT '',
  `remarks` varchar(255) COLLATE utf8_bin DEFAULT NULL COMMENT '',
  `del_flag` char(1) COLLATE utf8_bin NOT NULL DEFAULT '0' COMMENT '',
  PRIMARY KEY (`id`),
  KEY `cms_site_del_flag` (`del_flag`)
) ENGINE=InnoDB DEFAULT CHARSET=utf8 COLLATE=utf8_bin COMMENT='';

-- ----------------------------
--  Records of `cms_site`
-- ----------------------------
BEGIN;
INSERT INTO `cms_site` VALUES ('1', '', 'JeeSite Web', null, null, 'JeeSite', 'JeeSite', 'basic', 0x436f707972696768742026636f70793b20323031322d32303133203c6120687265663d27687474703a2f2f7468696e6b67656d2e69746579652e636f6d27207461726765743d275f626c616e6b273e5468696e6b47656d3c2f613e202d20506f7765726564204279203c6120687265663d2768747470733a2f2f6769746875622e636f6d2f7468696e6b67656d2f6a65657369746527207461726765743d275f626c616e6b273e4a6565536974653c2f613e2056312e30, null, '1', '2013-05-27 08:00:00', '1', '2013-05-27 08:00:00', null, '0'), ('2', '', 'JeeSite Subsite', null, null, 'JeeSite subsite', 'JeeSite subsite', 'basic', 0x436f707972696768742026636f70793b20323031322d32303133203c6120687265663d27687474703a2f2f7468696e6b67656d2e69746579652e636f6d27207461726765743d275f626c616e6b273e5468696e6b47656d3c2f613e202d20506f7765726564204279203c6120687265663d2768747470733a2f2f6769746875622e636f6d2f7468696e6b67656d2f6a65657369746527207461726765743d275f626c616e6b273e4a6565536974653c2f613e2056312e30, null, '1', '2013-05-27 08:00:00', '1', '2013-05-27 08:00:00', null, '0');
COMMIT;

-- ----------------------------
--  Table structure for `gen_scheme`
-- ----------------------------
DROP TABLE IF EXISTS `gen_scheme`;
CREATE TABLE `gen_scheme` (
  `id` varchar(64) COLLATE utf8_bin NOT NULL COMMENT '',
  `name` varchar(200) COLLATE utf8_bin DEFAULT NULL COMMENT '',
  `category` varchar(2000) COLLATE utf8_bin DEFAULT NULL COMMENT '',
  `package_name` varchar(500) COLLATE utf8_bin DEFAULT NULL COMMENT '',
  `module_name` varchar(30) COLLATE utf8_bin DEFAULT NULL COMMENT '',
  `sub_module_name` varchar(30) COLLATE utf8_bin DEFAULT NULL COMMENT '',
  `function_name` varchar(500) COLLATE utf8_bin DEFAULT NULL COMMENT '',
  `function_name_simple` varchar(100) COLLATE utf8_bin DEFAULT NULL COMMENT '',
  `function_author` varchar(100) COLLATE utf8_bin DEFAULT NULL COMMENT '',
  `gen_table_id` varchar(200) COLLATE utf8_bin DEFAULT NULL COMMENT '',
  `create_by` varchar(64) COLLATE utf8_bin DEFAULT NULL COMMENT '',
  `create_date` datetime DEFAULT NULL COMMENT '',
  `update_by` varchar(64) COLLATE utf8_bin DEFAULT NULL COMMENT '',
  `update_date` datetime DEFAULT NULL COMMENT '',
  `remarks` varchar(255) COLLATE utf8_bin DEFAULT NULL COMMENT '',
  `del_flag` char(1) COLLATE utf8_bin NOT NULL DEFAULT '0' COMMENT '01',
  PRIMARY KEY (`id`),
  KEY `gen_scheme_del_flag` (`del_flag`)
) ENGINE=InnoDB DEFAULT CHARSET=utf8 COLLATE=utf8_bin COMMENT='';

-- ----------------------------
--  Records of `gen_scheme`
-- ----------------------------
BEGIN;
INSERT INTO `gen_scheme` VALUES ('35a13dc260284a728a270db3f382664b', '', 'treeTable', 'com.thinkgem.jeesite.modules', 'test', null, '', '', 'ThinkGem', 'f6e4dafaa72f4c509636484715f33a96', '1', '2013-08-12 13:10:05', '1', '2013-08-12 13:10:05', null, '0'), ('9c9de9db6da743bb899036c6546061ac', '', 'curd', 'com.thinkgem.jeesite.modules', 'test', null, '', '', 'ThinkGem', 'aef6f1fc948f4c9ab1c1b780bc471cc2', '1', '2013-08-12 13:10:05', '1', '2013-08-12 13:10:05', null, '0'), ('e6d905fd236b46d1af581dd32bdfb3b0', '', 'curd_many', 'com.thinkgem.jeesite.modules', 'test', null, '', '', 'ThinkGem', '43d6d5acffa14c258340ce6765e46c6f', '1', '2013-08-12 13:10:05', '1', '2013-08-12 13:10:05', null, '0');
COMMIT;

-- ----------------------------
--  Table structure for `gen_table`
-- ----------------------------
DROP TABLE IF EXISTS `gen_table`;
CREATE TABLE `gen_table` (
  `id` varchar(64) COLLATE utf8_bin NOT NULL COMMENT '',
  `name` varchar(200) COLLATE utf8_bin DEFAULT NULL COMMENT '',
  `comments` varchar(500) COLLATE utf8_bin DEFAULT NULL COMMENT '',
  `class_name` varchar(100) COLLATE utf8_bin DEFAULT NULL COMMENT '',
  `parent_table` varchar(200) COLLATE utf8_bin DEFAULT NULL COMMENT '',
  `parent_table_fk` varchar(100) COLLATE utf8_bin DEFAULT NULL COMMENT '',
  `create_by` varchar(64) COLLATE utf8_bin DEFAULT NULL COMMENT '',
  `create_date` datetime DEFAULT NULL COMMENT '',
  `update_by` varchar(64) COLLATE utf8_bin DEFAULT NULL COMMENT '',
  `update_date` datetime DEFAULT NULL COMMENT '',
  `remarks` varchar(255) COLLATE utf8_bin DEFAULT NULL COMMENT '',
  `del_flag` char(1) COLLATE utf8_bin NOT NULL DEFAULT '0' COMMENT '01',
  PRIMARY KEY (`id`),
  KEY `gen_table_name` (`name`),
  KEY `gen_table_del_flag` (`del_flag`)
) ENGINE=InnoDB DEFAULT CHARSET=utf8 COLLATE=utf8_bin COMMENT='';

-- ----------------------------
--  Records of `gen_table`
-- ----------------------------
BEGIN;
INSERT INTO `gen_table` VALUES ('43d6d5acffa14c258340ce6765e46c6f', 'test_data_main', '', 'TestDataMain', null, null, '1', '2013-08-12 13:10:05', '1', '2013-08-12 13:10:05', null, '0'), ('6e05c389f3c6415ea34e55e9dfb28934', 'test_data_child', '', 'TestDataChild', 'test_data_main', 'test_data_main_id', '1', '2013-08-12 13:10:05', '1', '2013-08-12 13:10:05', null, '0'), ('aef6f1fc948f4c9ab1c1b780bc471cc2', 'test_data', '', 'TestData', null, null, '1', '2013-08-12 13:10:05', '1', '2013-08-12 13:10:05', null, '0'), ('f6e4dafaa72f4c509636484715f33a96', 'test_tree', '', 'TestTree', null, null, '1', '2013-08-12 13:10:05', '1', '2013-08-12 13:10:05', null, '0');
COMMIT;

-- ----------------------------
--  Table structure for `gen_table_column`
-- ----------------------------
DROP TABLE IF EXISTS `gen_table_column`;
CREATE TABLE `gen_table_column` (
  `id` varchar(64) COLLATE utf8_bin NOT NULL COMMENT '',
  `gen_table_id` varchar(64) COLLATE utf8_bin DEFAULT NULL COMMENT '',
  `name` varchar(200) COLLATE utf8_bin DEFAULT NULL COMMENT '',
  `comments` varchar(500) COLLATE utf8_bin DEFAULT NULL COMMENT '',
  `jdbc_type` varchar(100) COLLATE utf8_bin DEFAULT NULL COMMENT '',
  `java_type` varchar(500) COLLATE utf8_bin DEFAULT NULL COMMENT 'JAVA',
  `java_field` varchar(200) COLLATE utf8_bin DEFAULT NULL COMMENT 'JAVA',
  `is_pk` char(1) COLLATE utf8_bin DEFAULT NULL COMMENT '',
  `is_null` char(1) COLLATE utf8_bin DEFAULT NULL COMMENT '',
  `is_insert` char(1) COLLATE utf8_bin DEFAULT NULL COMMENT '',
  `is_edit` char(1) COLLATE utf8_bin DEFAULT NULL COMMENT '',
  `is_list` char(1) COLLATE utf8_bin DEFAULT NULL COMMENT '',
  `is_query` char(1) COLLATE utf8_bin DEFAULT NULL COMMENT '',
  `query_type` varchar(200) COLLATE utf8_bin DEFAULT NULL COMMENT 'LIKELIKELIKE',
  `show_type` varchar(200) COLLATE utf8_bin DEFAULT NULL COMMENT '',
  `dict_type` varchar(200) COLLATE utf8_bin DEFAULT NULL COMMENT '',
  `settings` varchar(2000) COLLATE utf8_bin DEFAULT NULL COMMENT 'JSON',
  `sort` decimal(10,0) DEFAULT NULL COMMENT '',
  `create_by` varchar(64) COLLATE utf8_bin DEFAULT NULL COMMENT '',
  `create_date` datetime DEFAULT NULL COMMENT '',
  `update_by` varchar(64) COLLATE utf8_bin DEFAULT NULL COMMENT '',
  `update_date` datetime DEFAULT NULL COMMENT '',
  `remarks` varchar(255) COLLATE utf8_bin DEFAULT NULL COMMENT '',
  `del_flag` char(1) COLLATE utf8_bin NOT NULL DEFAULT '0' COMMENT '01',
  PRIMARY KEY (`id`),
  KEY `gen_table_column_table_id` (`gen_table_id`),
  KEY `gen_table_column_name` (`name`),
  KEY `gen_table_column_sort` (`sort`),
  KEY `gen_table_column_del_flag` (`del_flag`)
) ENGINE=InnoDB DEFAULT CHARSET=utf8 COLLATE=utf8_bin COMMENT='';

-- ----------------------------
--  Records of `gen_table_column`
-- ----------------------------
BEGIN;
INSERT INTO `gen_table_column` VALUES ('0902a0cb3e8f434280c20e9d771d0658', 'aef6f1fc948f4c9ab1c1b780bc471cc2', 'sex', '', 'char(1)', 'String', 'sex', '0', '1', '1', '1', '1', '1', '=', 'radiobox', 'sex', null, '6', '1', '2013-08-12 13:10:05', '1', '2013-08-12 13:10:05', null, '0'), ('103fc05c88ff40639875c2111881996a', 'aef6f1fc948f4c9ab1c1b780bc471cc2', 'create_date', '', 'timestamp(6)', 'java.util.Date', 'createDate', '0', '0', '1', '0', '0', '0', '=', 'dateselect', null, null, '9', '1', '2013-08-12 13:10:05', '1', '2013-08-12 13:10:05', null, '0'), ('12fa38dd986e41908f7fefa5839d1220', '6e05c389f3c6415ea34e55e9dfb28934', 'create_by', '', 'varchar2(64)', 'com.thinkgem.jeesite.modules.modules.sys.entity.User', 'createBy.id', '0', '0', '1', '0', '0', '0', '=', 'input', null, null, '4', '1', '2013-08-12 13:10:05', '1', '2013-08-12 13:10:05', null, '0'), ('195ee9241f954d008fe01625f4adbfef', 'f6e4dafaa72f4c509636484715f33a96', 'create_by', '', 'varchar2(64)', 'com.thinkgem.jeesite.modules.modules.sys.entity.User', 'createBy.id', '0', '0', '1', '0', '0', '0', '=', 'input', null, null, '6', '1', '2013-08-12 13:10:05', '1', '2013-08-12 13:10:05', null, '0'), ('19c6478b8ff54c60910c2e4fc3d27503', '43d6d5acffa14c258340ce6765e46c6f', 'id', '', 'varchar2(64)', 'String', 'id', '1', '0', '1', '0', '0', '0', '=', 'input', null, null, '1', '1', '2013-08-12 13:10:05', '1', '2013-08-12 13:10:05', null, '0'), ('1ac6562f753d4e599693840651ab2bf7', '43d6d5acffa14c258340ce6765e46c6f', 'in_date', '', 'date(7)', 'java.util.Date', 'inDate', '0', '1', '1', '1', '0', '0', '=', 'dateselect', null, null, '7', '1', '2013-08-12 13:10:05', '1', '2013-08-12 13:10:05', null, '0'), ('1b8eb55f65284fa6b0a5879b6d8ad3ec', 'aef6f1fc948f4c9ab1c1b780bc471cc2', 'in_date', '', 'date(7)', 'java.util.Date', 'inDate', '0', '1', '1', '1', '0', '1', 'between', 'dateselect', null, null, '7', '1', '2013-08-12 13:10:05', '1', '2013-08-12 13:10:05', null, '0'), ('1d5ca4d114be41e99f8dc42a682ba609', 'aef6f1fc948f4c9ab1c1b780bc471cc2', 'user_id', '', 'varchar2(64)', 'com.thinkgem.jeesite.modules.modules.sys.entity.User', 'user.id|name', '0', '1', '1', '1', '1', '1', '=', 'userselect', null, null, '2', '1', '2013-08-12 13:10:05', '1', '2013-08-12 13:10:05', null, '0'), ('21756504ffdc487eb167a823f89c0c06', '43d6d5acffa14c258340ce6765e46c6f', 'update_by', '', 'varchar2(64)', 'com.thinkgem.jeesite.modules.modules.sys.entity.User', 'updateBy.id', '0', '0', '1', '1', '0', '0', '=', 'input', null, null, '10', '1', '2013-08-12 13:10:05', '1', '2013-08-12 13:10:05', null, '0'), ('24bbdc0a555e4412a106ab1c5f03008e', 'f6e4dafaa72f4c509636484715f33a96', 'parent_ids', '', 'varchar2(2000)', 'String', 'parentIds', '0', '0', '1', '1', '0', '0', 'like', 'input', null, null, '3', '1', '2013-08-12 13:10:05', '1', '2013-08-12 13:10:05', null, '0'), ('33152ce420904594b3eac796a27f0560', '6e05c389f3c6415ea34e55e9dfb28934', 'id', '', 'varchar2(64)', 'String', 'id', '1', '0', '1', '0', '0', '0', '=', 'input', null, null, '1', '1', '2013-08-12 13:10:05', '1', '2013-08-12 13:10:05', null, '0'), ('35af241859624a01917ab64c3f4f0813', 'aef6f1fc948f4c9ab1c1b780bc471cc2', 'del_flag', '01', 'char(1)', 'String', 'delFlag', '0', '0', '1', '0', '0', '0', '=', 'radiobox', 'del_flag', null, '13', '1', '2013-08-12 13:10:05', '1', '2013-08-12 13:10:05', null, '0'), ('398b4a03f06940bfb979ca574e1911e3', 'aef6f1fc948f4c9ab1c1b780bc471cc2', 'create_by', '', 'varchar2(64)', 'com.thinkgem.jeesite.modules.modules.sys.entity.User', 'createBy.id', '0', '0', '1', '0', '0', '0', '=', 'input', null, null, '8', '1', '2013-08-12 13:10:05', '1', '2013-08-12 13:10:05', null, '0'), ('3a7cf23ae48a4c849ceb03feffc7a524', '43d6d5acffa14c258340ce6765e46c6f', 'area_id', '', 'nvarchar2(64)', 'com.thinkgem.jeesite.modules.modules.sys.entity.Area', 'area.id|name', '0', '1', '1', '1', '0', '0', '=', 'areaselect', null, null, '4', '1', '2013-08-12 13:10:05', '1', '2013-08-12 13:10:05', null, '0'), ('3d9c32865bb44e85af73381df0ffbf3d', '43d6d5acffa14c258340ce6765e46c6f', 'update_date', '', 'timestamp(6)', 'java.util.Date', 'updateDate', '0', '0', '1', '1', '1', '0', '=', 'dateselect', null, null, '11', '1', '2013-08-12 13:10:05', '1', '2013-08-12 13:10:05', null, '0'), ('416c76d2019b4f76a96d8dc3a8faf84c', 'f6e4dafaa72f4c509636484715f33a96', 'update_date', '', 'timestamp(6)', 'java.util.Date', 'updateDate', '0', '0', '1', '1', '1', '0', '=', 'dateselect', null, null, '9', '1', '2013-08-12 13:10:05', '1', '2013-08-12 13:10:05', null, '0'), ('46e6d8283270493687085d29efdecb05', 'f6e4dafaa72f4c509636484715f33a96', 'del_flag', '01', 'char(1)', 'String', 'delFlag', '0', '0', '1', '0', '0', '0', '=', 'radiobox', 'del_flag', null, '11', '1', '2013-08-12 13:10:05', '1', '2013-08-12 13:10:05', null, '0'), ('4a0a1fff86ca46519477d66b82e01991', 'aef6f1fc948f4c9ab1c1b780bc471cc2', 'name', '', 'nvarchar2(100)', 'String', 'name', '0', '1', '1', '1', '1', '1', 'like', 'input', null, null, '5', '1', '2013-08-12 13:10:05', '1', '2013-08-12 13:10:05', null, '0'), ('4c8ef12cb6924b9ba44048ba9913150b', '43d6d5acffa14c258340ce6765e46c6f', 'create_date', '', 'timestamp(6)', 'java.util.Date', 'createDate', '0', '0', '1', '0', '0', '0', '=', 'dateselect', null, null, '9', '1', '2013-08-12 13:10:05', '1', '2013-08-12 13:10:05', null, '0'), ('53d65a3d306d4fac9e561db9d3c66912', '6e05c389f3c6415ea34e55e9dfb28934', 'del_flag', '01', 'char(1)', 'String', 'delFlag', '0', '0', '1', '0', '0', '0', '=', 'radiobox', 'del_flag', null, '9', '1', '2013-08-12 13:10:05', '1', '2013-08-12 13:10:05', null, '0'), ('56fa71c0bd7e4132931874e548dc9ba5', '6e05c389f3c6415ea34e55e9dfb28934', 'update_by', '', 'varchar2(64)', 'com.thinkgem.jeesite.modules.modules.sys.entity.User', 'updateBy.id', '0', '0', '1', '1', '0', '0', '=', 'input', null, null, '6', '1', '2013-08-12 13:10:05', '1', '2013-08-12 13:10:05', null, '0'), ('5a4a1933c9c844fdba99de043dc8205e', 'aef6f1fc948f4c9ab1c1b780bc471cc2', 'update_by', '', 'varchar2(64)', 'com.thinkgem.jeesite.modules.modules.sys.entity.User', 'updateBy.id', '0', '0', '1', '1', '0', '0', '=', 'input', null, null, '10', '1', '2013-08-12 13:10:05', '1', '2013-08-12 13:10:05', null, '0'), ('5e5c69bd3eaa4dcc9743f361f3771c08', 'aef6f1fc948f4c9ab1c1b780bc471cc2', 'id', '', 'varchar2(64)', 'String', 'id', '1', '0', '1', '0', '0', '0', '=', 'input', null, null, '1', '1', '2013-08-12 13:10:05', '1', '2013-08-12 13:10:05', null, '0'), ('633f5a49ec974c099158e7b3e6bfa930', 'f6e4dafaa72f4c509636484715f33a96', 'name', '', 'nvarchar2(100)', 'String', 'name', '0', '0', '1', '1', '1', '1', 'like', 'input', null, null, '4', '1', '2013-08-12 13:10:05', '1', '2013-08-12 13:10:05', null, '0'), ('652491500f2641ffa7caf95a93e64d34', '6e05c389f3c6415ea34e55e9dfb28934', 'update_date', '', 'timestamp(6)', 'java.util.Date', 'updateDate', '0', '0', '1', '1', '1', '0', '=', 'dateselect', null, null, '7', '1', '2013-08-12 13:10:05', '1', '2013-08-12 13:10:05', null, '0'), ('6763ff6dc7cd4c668e76cf9b697d3ff6', 'f6e4dafaa72f4c509636484715f33a96', 'sort', '', 'number(10)', 'Integer', 'sort', '0', '0', '1', '1', '1', '0', '=', 'input', null, null, '5', '1', '2013-08-12 13:10:05', '1', '2013-08-12 13:10:05', null, '0'), ('67d0331f809a48ee825602659f0778e8', '43d6d5acffa14c258340ce6765e46c6f', 'name', '', 'nvarchar2(100)', 'String', 'name', '0', '1', '1', '1', '1', '1', 'like', 'input', null, null, '5', '1', '2013-08-12 13:10:05', '1', '2013-08-12 13:10:05', null, '0'), ('68345713bef3445c906f70e68f55de38', '6e05c389f3c6415ea34e55e9dfb28934', 'test_data_main_id', '', 'varchar2(64)', 'String', 'testDataMain.id', '0', '1', '1', '1', '0', '0', '=', 'input', null, null, '2', '1', '2013-08-12 13:10:05', '1', '2013-08-12 13:10:05', null, '0'), ('71ea4bc10d274911b405f3165fc1bb1a', 'aef6f1fc948f4c9ab1c1b780bc471cc2', 'area_id', '', 'nvarchar2(64)', 'com.thinkgem.jeesite.modules.modules.sys.entity.Area', 'area.id|name', '0', '1', '1', '1', '1', '1', '=', 'areaselect', null, null, '4', '1', '2013-08-12 13:10:05', '1', '2013-08-12 13:10:05', null, '0'), ('7f871058d94c4d9a89084be7c9ce806d', '6e05c389f3c6415ea34e55e9dfb28934', 'remarks', '', 'nvarchar2(255)', 'String', 'remarks', '0', '1', '1', '1', '1', '0', '=', 'input', null, null, '8', '1', '2013-08-12 13:10:05', '1', '2013-08-12 13:10:05', null, '0'), ('8b48774cfe184913b8b5eb17639cf12d', '43d6d5acffa14c258340ce6765e46c6f', 'create_by', '', 'varchar2(64)', 'com.thinkgem.jeesite.modules.modules.sys.entity.User', 'createBy.id', '0', '0', '1', '0', '0', '0', '=', 'input', null, null, '8', '1', '2013-08-12 13:10:05', '1', '2013-08-12 13:10:05', null, '0'), ('8b7cf0525519474ebe1de9e587eb7067', '6e05c389f3c6415ea34e55e9dfb28934', 'create_date', '', 'timestamp(6)', 'java.util.Date', 'createDate', '0', '0', '1', '0', '0', '0', '=', 'dateselect', null, null, '5', '1', '2013-08-12 13:10:05', '1', '2013-08-12 13:10:05', null, '0'), ('8b9de88df53e485d8ef461c4b1824bc1', '43d6d5acffa14c258340ce6765e46c6f', 'user_id', '', 'varchar2(64)', 'com.thinkgem.jeesite.modules.modules.sys.entity.User', 'user.id|name', '0', '1', '1', '1', '1', '1', '=', 'userselect', null, null, '2', '1', '2013-08-12 13:10:05', '1', '2013-08-12 13:10:05', null, '0'), ('8da38dbe5fe54e9bb1f9682c27fbf403', 'aef6f1fc948f4c9ab1c1b780bc471cc2', 'remarks', '', 'nvarchar2(255)', 'String', 'remarks', '0', '1', '1', '1', '1', '0', '=', 'textarea', null, null, '12', '1', '2013-08-12 13:10:05', '1', '2013-08-12 13:10:05', null, '0'), ('92481c16a0b94b0e8bba16c3c54eb1e4', 'f6e4dafaa72f4c509636484715f33a96', 'create_date', '', 'timestamp(6)', 'java.util.Date', 'createDate', '0', '0', '1', '0', '0', '0', '=', 'dateselect', null, null, '7', '1', '2013-08-12 13:10:05', '1', '2013-08-12 13:10:05', null, '0'), ('9a012c1d2f934dbf996679adb7cc827a', 'f6e4dafaa72f4c509636484715f33a96', 'parent_id', '', 'varchar2(64)', 'This', 'parent.id|name', '0', '0', '1', '1', '0', '0', '=', 'treeselect', null, null, '2', '1', '2013-08-12 13:10:05', '1', '2013-08-12 13:10:05', null, '0'), ('ad3bf0d4b44b4528a5211a66af88f322', 'aef6f1fc948f4c9ab1c1b780bc471cc2', 'office_id', '', 'varchar2(64)', 'com.thinkgem.jeesite.modules.modules.sys.entity.Office', 'office.id|name', '0', '1', '1', '1', '1', '1', '=', 'officeselect', null, null, '3', '1', '2013-08-12 13:10:05', '1', '2013-08-12 13:10:05', null, '0'), ('bb1256a8d1b741f6936d8fed06f45eed', 'f6e4dafaa72f4c509636484715f33a96', 'update_by', '', 'varchar2(64)', 'com.thinkgem.jeesite.modules.modules.sys.entity.User', 'updateBy.id', '0', '0', '1', '1', '0', '0', '=', 'input', null, null, '8', '1', '2013-08-12 13:10:05', '1', '2013-08-12 13:10:05', null, '0'), ('ca68a2d403f0449cbaa1d54198c6f350', '43d6d5acffa14c258340ce6765e46c6f', 'office_id', '', 'varchar2(64)', 'com.thinkgem.jeesite.modules.modules.sys.entity.Office', 'office.id|name', '0', '1', '1', '1', '0', '0', '=', 'officeselect', null, null, '3', '1', '2013-08-12 13:10:05', '1', '2013-08-12 13:10:05', null, '0'), ('cb9c0ec3da26432d9cbac05ede0fd1d0', '43d6d5acffa14c258340ce6765e46c6f', 'remarks', '', 'nvarchar2(255)', 'String', 'remarks', '0', '1', '1', '1', '1', '0', '=', 'textarea', null, null, '12', '1', '2013-08-12 13:10:05', '1', '2013-08-12 13:10:05', null, '0'), ('cfcfa06ea61749c9b4c4dbc507e0e580', 'f6e4dafaa72f4c509636484715f33a96', 'id', '', 'varchar2(64)', 'String', 'id', '1', '0', '1', '0', '0', '0', '=', 'input', null, null, '1', '1', '2013-08-12 13:10:05', '1', '2013-08-12 13:10:05', null, '0'), ('d5c2d932ae904aa8a9f9ef34cd36fb0b', '43d6d5acffa14c258340ce6765e46c6f', 'sex', '', 'char(1)', 'String', 'sex', '0', '1', '1', '1', '0', '1', '=', 'select', 'sex', null, '6', '1', '2013-08-12 13:10:05', '1', '2013-08-12 13:10:05', null, '0'), ('e64050a2ebf041faa16f12dda5dcf784', '6e05c389f3c6415ea34e55e9dfb28934', 'name', '', 'nvarchar2(100)', 'String', 'name', '0', '1', '1', '1', '1', '1', 'like', 'input', null, null, '3', '1', '2013-08-12 13:10:05', '1', '2013-08-12 13:10:05', null, '0'), ('e8d11127952d4aa288bb3901fc83127f', '43d6d5acffa14c258340ce6765e46c6f', 'del_flag', '01', 'char(1)', 'String', 'delFlag', '0', '0', '1', '0', '0', '0', '=', 'radiobox', 'del_flag', null, '13', '1', '2013-08-12 13:10:05', '1', '2013-08-12 13:10:05', null, '0'), ('eb2e5afd13f147a990d30e68e7f64e12', 'aef6f1fc948f4c9ab1c1b780bc471cc2', 'update_date', '', 'timestamp(6)', 'java.util.Date', 'updateDate', '0', '0', '1', '1', '1', '0', '=', 'dateselect', null, null, '11', '1', '2013-08-12 13:10:05', '1', '2013-08-12 13:10:05', null, '0'), ('f5ed8c82bad0413fbfcccefa95931358', 'f6e4dafaa72f4c509636484715f33a96', 'remarks', '', 'nvarchar2(255)', 'String', 'remarks', '0', '1', '1', '1', '1', '0', '=', 'textarea', null, null, '10', '1', '2013-08-12 13:10:05', '1', '2013-08-12 13:10:05', null, '0');
COMMIT;

-- ----------------------------
--  Table structure for `gen_template`
-- ----------------------------
DROP TABLE IF EXISTS `gen_template`;
CREATE TABLE `gen_template` (
  `id` varchar(64) COLLATE utf8_bin NOT NULL COMMENT '',
  `name` varchar(200) COLLATE utf8_bin DEFAULT NULL COMMENT '',
  `category` varchar(2000) COLLATE utf8_bin DEFAULT NULL COMMENT '',
  `file_path` varchar(500) COLLATE utf8_bin DEFAULT NULL COMMENT '',
  `file_name` varchar(200) COLLATE utf8_bin DEFAULT NULL COMMENT '',
  `content` text COLLATE utf8_bin COMMENT '',
  `create_by` varchar(64) COLLATE utf8_bin DEFAULT NULL COMMENT '',
  `create_date` datetime DEFAULT NULL COMMENT '',
  `update_by` varchar(64) COLLATE utf8_bin DEFAULT NULL COMMENT '',
  `update_date` datetime DEFAULT NULL COMMENT '',
  `remarks` varchar(255) COLLATE utf8_bin DEFAULT NULL COMMENT '',
  `del_flag` char(1) COLLATE utf8_bin NOT NULL DEFAULT '0' COMMENT '01',
  PRIMARY KEY (`id`),
  KEY `gen_template_del_falg` (`del_flag`)
) ENGINE=InnoDB DEFAULT CHARSET=utf8 COLLATE=utf8_bin COMMENT='';

-- ----------------------------
--  Table structure for `oa_leave`
-- ----------------------------
DROP TABLE IF EXISTS `oa_leave`;
CREATE TABLE `oa_leave` (
  `id` varchar(64) COLLATE utf8_bin NOT NULL COMMENT '',
  `process_instance_id` varchar(64) COLLATE utf8_bin DEFAULT NULL COMMENT '',
  `start_time` datetime DEFAULT NULL COMMENT '',
  `end_time` datetime DEFAULT NULL COMMENT '',
  `leave_type` varchar(20) COLLATE utf8_bin DEFAULT NULL COMMENT '',
  `reason` varchar(255) COLLATE utf8_bin DEFAULT NULL COMMENT '',
  `apply_time` datetime DEFAULT NULL COMMENT '',
  `reality_start_time` datetime DEFAULT NULL COMMENT '',
  `reality_end_time` datetime DEFAULT NULL COMMENT '',
  `create_by` varchar(64) COLLATE utf8_bin NOT NULL COMMENT '',
  `create_date` datetime NOT NULL COMMENT '',
  `update_by` varchar(64) COLLATE utf8_bin NOT NULL COMMENT '',
  `update_date` datetime NOT NULL COMMENT '',
  `remarks` varchar(255) COLLATE utf8_bin DEFAULT NULL COMMENT '',
  `del_flag` char(1) COLLATE utf8_bin NOT NULL DEFAULT '0' COMMENT '',
  PRIMARY KEY (`id`),
  KEY `oa_leave_create_by` (`create_by`),
  KEY `oa_leave_process_instance_id` (`process_instance_id`),
  KEY `oa_leave_del_flag` (`del_flag`)
) ENGINE=InnoDB DEFAULT CHARSET=utf8 COLLATE=utf8_bin COMMENT='';

-- ----------------------------
--  Table structure for `oa_notify`
-- ----------------------------
DROP TABLE IF EXISTS `oa_notify`;
CREATE TABLE `oa_notify` (
  `id` varchar(64) COLLATE utf8_bin NOT NULL COMMENT '',
  `type` char(1) COLLATE utf8_bin DEFAULT NULL COMMENT '',
  `title` varchar(200) COLLATE utf8_bin DEFAULT NULL COMMENT '',
  `content` varchar(2000) COLLATE utf8_bin DEFAULT NULL COMMENT '',
  `files` varchar(2000) COLLATE utf8_bin DEFAULT NULL COMMENT '',
  `status` char(1) COLLATE utf8_bin DEFAULT NULL COMMENT '',
  `create_by` varchar(64) COLLATE utf8_bin NOT NULL COMMENT '',
  `create_date` datetime NOT NULL COMMENT '',
  `update_by` varchar(64) COLLATE utf8_bin NOT NULL COMMENT '',
  `update_date` datetime NOT NULL COMMENT '',
  `remarks` varchar(255) COLLATE utf8_bin DEFAULT NULL COMMENT '',
  `del_flag` char(1) COLLATE utf8_bin NOT NULL DEFAULT '0' COMMENT '',
  PRIMARY KEY (`id`),
  KEY `oa_notify_del_flag` (`del_flag`)
) ENGINE=InnoDB DEFAULT CHARSET=utf8 COLLATE=utf8_bin COMMENT='';

-- ----------------------------
--  Table structure for `oa_notify_record`
-- ----------------------------
DROP TABLE IF EXISTS `oa_notify_record`;
CREATE TABLE `oa_notify_record` (
  `id` varchar(64) COLLATE utf8_bin NOT NULL COMMENT '',
  `oa_notify_id` varchar(64) COLLATE utf8_bin DEFAULT NULL COMMENT 'ID',
  `user_id` varchar(64) COLLATE utf8_bin DEFAULT NULL COMMENT '',
  `read_flag` char(1) COLLATE utf8_bin DEFAULT '0' COMMENT '',
  `read_date` date DEFAULT NULL COMMENT '',
  PRIMARY KEY (`id`),
  KEY `oa_notify_record_notify_id` (`oa_notify_id`),
  KEY `oa_notify_record_user_id` (`user_id`),
  KEY `oa_notify_record_read_flag` (`read_flag`)
) ENGINE=InnoDB DEFAULT CHARSET=utf8 COLLATE=utf8_bin COMMENT='';

-- ----------------------------
--  Table structure for `oa_test_audit`
-- ----------------------------
DROP TABLE IF EXISTS `oa_test_audit`;
CREATE TABLE `oa_test_audit` (
  `id` varchar(64) COLLATE utf8_bin NOT NULL COMMENT '',
  `PROC_INS_ID` varchar(64) COLLATE utf8_bin DEFAULT NULL COMMENT 'ID',
  `USER_ID` varchar(64) COLLATE utf8_bin DEFAULT NULL COMMENT '',
  `OFFICE_ID` varchar(64) COLLATE utf8_bin DEFAULT NULL COMMENT '',
  `POST` varchar(255) COLLATE utf8_bin DEFAULT NULL COMMENT '',
  `AGE` char(1) COLLATE utf8_bin DEFAULT NULL COMMENT '',
  `EDU` varchar(255) COLLATE utf8_bin DEFAULT NULL COMMENT '',
  `CONTENT` varchar(255) COLLATE utf8_bin DEFAULT NULL COMMENT '',
  `OLDA` varchar(255) COLLATE utf8_bin DEFAULT NULL COMMENT ' ',
  `OLDB` varchar(255) COLLATE utf8_bin DEFAULT NULL COMMENT ' ',
  `OLDC` varchar(255) COLLATE utf8_bin DEFAULT NULL COMMENT ' ',
  `NEWA` varchar(255) COLLATE utf8_bin DEFAULT NULL COMMENT ' ',
  `NEWB` varchar(255) COLLATE utf8_bin DEFAULT NULL COMMENT ' ',
  `NEWC` varchar(255) COLLATE utf8_bin DEFAULT NULL COMMENT ' ',
  `ADD_NUM` varchar(255) COLLATE utf8_bin DEFAULT NULL COMMENT '',
  `EXE_DATE` varchar(255) COLLATE utf8_bin DEFAULT NULL COMMENT '',
  `HR_TEXT` varchar(255) COLLATE utf8_bin DEFAULT NULL COMMENT '',
  `LEAD_TEXT` varchar(255) COLLATE utf8_bin DEFAULT NULL COMMENT '',
  `MAIN_LEAD_TEXT` varchar(255) COLLATE utf8_bin DEFAULT NULL COMMENT '',
  `create_by` varchar(64) COLLATE utf8_bin NOT NULL COMMENT '',
  `create_date` datetime NOT NULL COMMENT '',
  `update_by` varchar(64) COLLATE utf8_bin NOT NULL COMMENT '',
  `update_date` datetime NOT NULL COMMENT '',
  `remarks` varchar(255) COLLATE utf8_bin DEFAULT NULL COMMENT '',
  `del_flag` char(1) COLLATE utf8_bin NOT NULL DEFAULT '0' COMMENT '',
  PRIMARY KEY (`id`),
  KEY `OA_TEST_AUDIT_del_flag` (`del_flag`)
) ENGINE=InnoDB DEFAULT CHARSET=utf8 COLLATE=utf8_bin COMMENT='';

-- ----------------------------
--  Table structure for `sys_area`
-- ----------------------------
DROP TABLE IF EXISTS `sys_area`;
CREATE TABLE `sys_area` (
  `id` varchar(64) COLLATE utf8_bin NOT NULL COMMENT '',
  `parent_id` varchar(64) COLLATE utf8_bin NOT NULL COMMENT '',
  `parent_ids` varchar(2000) COLLATE utf8_bin NOT NULL COMMENT '',
  `name` varchar(100) COLLATE utf8_bin NOT NULL COMMENT '',
  `sort` decimal(10,0) NOT NULL COMMENT '',
  `code` varchar(100) COLLATE utf8_bin DEFAULT NULL COMMENT '',
  `type` char(1) COLLATE utf8_bin DEFAULT NULL COMMENT '',
  `create_by` varchar(64) COLLATE utf8_bin NOT NULL COMMENT '',
  `create_date` datetime NOT NULL COMMENT '',
  `update_by` varchar(64) COLLATE utf8_bin NOT NULL COMMENT '',
  `update_date` datetime NOT NULL COMMENT '',
  `remarks` varchar(255) COLLATE utf8_bin DEFAULT NULL COMMENT '',
  `del_flag` char(1) COLLATE utf8_bin NOT NULL DEFAULT '0' COMMENT '',
  PRIMARY KEY (`id`),
  KEY `sys_area_parent_id` (`parent_id`),
  KEY `sys_area_del_flag` (`del_flag`)
) ENGINE=InnoDB DEFAULT CHARSET=utf8 COLLATE=utf8_bin COMMENT='';

-- ----------------------------
--  Records of `sys_area`
-- ----------------------------
BEGIN;
INSERT INTO `sys_area` VALUES ('1', '0', '0,', '', '10', '100000', '1', '1', '2013-05-27 08:00:00', '1', '2013-05-27 08:00:00', null, '0'), ('2', '1', '0,1,', '', '20', '110000', '2', '1', '2013-05-27 08:00:00', '1', '2013-05-27 08:00:00', null, '0'), ('3', '2', '0,1,2,', '', '30', '110101', '3', '1', '2013-05-27 08:00:00', '1', '2013-05-27 08:00:00', null, '0'), ('4', '3', '0,1,2,3,', '', '40', '110102', '4', '1', '2013-05-27 08:00:00', '1', '2013-05-27 08:00:00', null, '0'), ('5', '3', '0,1,2,3,', '', '50', '110104', '4', '1', '2013-05-27 08:00:00', '1', '2013-05-27 08:00:00', null, '0'), ('6', '3', '0,1,2,3,', '', '60', '110105', '4', '1', '2013-05-27 08:00:00', '1', '2013-05-27 08:00:00', null, '0');
COMMIT;

-- ----------------------------
--  Table structure for `sys_dict`
-- ----------------------------
DROP TABLE IF EXISTS `sys_dict`;
CREATE TABLE `sys_dict` (
  `id` varchar(64) COLLATE utf8_bin NOT NULL COMMENT '',
  `value` varchar(100) COLLATE utf8_bin NOT NULL COMMENT '',
  `label` varchar(100) COLLATE utf8_bin NOT NULL COMMENT '',
  `type` varchar(100) COLLATE utf8_bin NOT NULL COMMENT '',
  `description` varchar(100) COLLATE utf8_bin NOT NULL COMMENT '',
  `sort` decimal(10,0) NOT NULL COMMENT '',
  `parent_id` varchar(64) COLLATE utf8_bin DEFAULT '0' COMMENT '',
  `create_by` varchar(64) COLLATE utf8_bin NOT NULL COMMENT '',
  `create_date` datetime NOT NULL COMMENT '',
  `update_by` varchar(64) COLLATE utf8_bin NOT NULL COMMENT '',
  `update_date` datetime NOT NULL COMMENT '',
  `remarks` varchar(255) COLLATE utf8_bin DEFAULT NULL COMMENT '',
  `del_flag` char(1) COLLATE utf8_bin NOT NULL DEFAULT '0' COMMENT '',
  PRIMARY KEY (`id`),
  KEY `sys_dict_value` (`value`),
  KEY `sys_dict_label` (`label`),
  KEY `sys_dict_del_flag` (`del_flag`)
) ENGINE=InnoDB DEFAULT CHARSET=utf8 COLLATE=utf8_bin COMMENT='';

-- ----------------------------
--  Records of `sys_dict`
-- ----------------------------
BEGIN;
INSERT INTO `sys_dict` VALUES ('1', '0', '', 'del_flag', '', '10', '0', '1', '2013-05-27 08:00:00', '1', '2013-05-27 08:00:00', null, '0'), ('10', 'yellow', '', 'color', '', '40', '0', '1', '2013-05-27 08:00:00', '1', '2013-05-27 08:00:00', null, '0'), ('100', 'java.util.Date', 'Date', 'gen_java_type', 'Java\0\0', '50', '0', '1', '2013-10-28 08:00:00', '1', '2013-10-28 08:00:00', null, '1'), ('101', 'com.thinkgem.jeesite.modules.sys.entity.User', 'User', 'gen_java_type', 'Java\0\0', '60', '0', '1', '2013-10-28 08:00:00', '1', '2013-10-28 08:00:00', null, '1'), ('102', 'com.thinkgem.jeesite.modules.sys.entity.Office', 'Office', 'gen_java_type', 'Java\0\0', '70', '0', '1', '2013-10-28 08:00:00', '1', '2013-10-28 08:00:00', null, '1'), ('103', 'com.thinkgem.jeesite.modules.sys.entity.Area', 'Area', 'gen_java_type', 'Java\0\0', '80', '0', '1', '2013-10-28 08:00:00', '1', '2013-10-28 08:00:00', null, '1'), ('104', 'Custom', 'Custom', 'gen_java_type', 'Java\0\0', '90', '0', '1', '2013-10-28 08:00:00', '1', '2013-10-28 08:00:00', null, '1'), ('105', '1', '\0\0\0\0', 'oa_notify_type', '', '10', '0', '1', '2013-11-08 08:00:00', '1', '2013-11-08 08:00:00', null, '0'), ('106', '2', '\0\0\0\0', 'oa_notify_type', '', '20', '0', '1', '2013-11-08 08:00:00', '1', '2013-11-08 08:00:00', null, '0'), ('107', '3', '\0\0\0\0', 'oa_notify_type', '', '30', '0', '1', '2013-11-08 08:00:00', '1', '2013-11-08 08:00:00', null, '0'), ('108', '0', '', 'oa_notify_status', '', '10', '0', '1', '2013-11-08 08:00:00', '1', '2013-11-08 08:00:00', null, '0'), ('109', '1', '', 'oa_notify_status', '', '20', '0', '1', '2013-11-08 08:00:00', '1', '2013-11-08 08:00:00', null, '0'), ('11', 'orange', '', 'color', '', '50', '0', '1', '2013-05-27 08:00:00', '1', '2013-05-27 08:00:00', null, '0'), ('110', '0', '', 'oa_notify_read', '', '10', '0', '1', '2013-11-08 08:00:00', '1', '2013-11-08 08:00:00', null, '0'), ('111', '1', '', 'oa_notify_read', '', '20', '0', '1', '2013-11-08 08:00:00', '1', '2013-11-08 08:00:00', null, '0'), ('12', 'default', '', 'theme', '', '10', '0', '1', '2013-05-27 08:00:00', '1', '2013-05-27 08:00:00', null, '0'), ('13', 'cerulean', '', 'theme', '', '20', '0', '1', '2013-05-27 08:00:00', '1', '2013-05-27 08:00:00', null, '0'), ('14', 'readable', '', 'theme', '', '30', '0', '1', '2013-05-27 08:00:00', '1', '2013-05-27 08:00:00', null, '0'), ('15', 'united', '', 'theme', '', '40', '0', '1', '2013-05-27 08:00:00', '1', '2013-05-27 08:00:00', null, '0'), ('16', 'flat', 'Flat', 'theme', '', '60', '0', '1', '2013-05-27 08:00:00', '1', '2013-05-27 08:00:00', null, '0'), ('17', '1', '', 'sys_area_type', '', '10', '0', '1', '2013-05-27 08:00:00', '1', '2013-05-27 08:00:00', null, '0'), ('18', '2', '', 'sys_area_type', '', '20', '0', '1', '2013-05-27 08:00:00', '1', '2013-05-27 08:00:00', null, '0'), ('19', '3', '', 'sys_area_type', '', '30', '0', '1', '2013-05-27 08:00:00', '1', '2013-05-27 08:00:00', null, '0'), ('2', '1', '', 'del_flag', '', '20', '0', '1', '2013-05-27 08:00:00', '1', '2013-05-27 08:00:00', null, '0'), ('20', '4', '', 'sys_area_type', '', '40', '0', '1', '2013-05-27 08:00:00', '1', '2013-05-27 08:00:00', null, '0'), ('21', '1', '', 'sys_office_type', '', '60', '0', '1', '2013-05-27 08:00:00', '1', '2013-05-27 08:00:00', null, '0'), ('22', '2', '', 'sys_office_type', '', '70', '0', '1', '2013-05-27 08:00:00', '1', '2013-05-27 08:00:00', null, '0'), ('23', '3', '', 'sys_office_type', '', '80', '0', '1', '2013-05-27 08:00:00', '1', '2013-05-27 08:00:00', null, '0'), ('24', '4', '', 'sys_office_type', '', '90', '0', '1', '2013-05-27 08:00:00', '1', '2013-05-27 08:00:00', null, '0'), ('25', '1', '', 'sys_office_common', '', '30', '0', '1', '2013-05-27 08:00:00', '1', '2013-05-27 08:00:00', null, '0'), ('26', '2', '', 'sys_office_common', '', '40', '0', '1', '2013-05-27 08:00:00', '1', '2013-05-27 08:00:00', null, '0'), ('27', '3', '', 'sys_office_common', '', '50', '0', '1', '2013-05-27 08:00:00', '1', '2013-05-27 08:00:00', null, '0'), ('28', '1', '', 'sys_office_grade', '', '10', '0', '1', '2013-05-27 08:00:00', '1', '2013-05-27 08:00:00', null, '0'), ('29', '2', '', 'sys_office_grade', '', '20', '0', '1', '2013-05-27 08:00:00', '1', '2013-05-27 08:00:00', null, '0'), ('3', '1', '', 'show_hide', '/', '10', '0', '1', '2013-05-27 08:00:00', '1', '2013-05-27 08:00:00', null, '0'), ('30', '3', '', 'sys_office_grade', '', '30', '0', '1', '2013-05-27 08:00:00', '1', '2013-05-27 08:00:00', null, '0'), ('31', '4', '', 'sys_office_grade', '', '40', '0', '1', '2013-05-27 08:00:00', '1', '2013-05-27 08:00:00', null, '0'), ('32', '1', '', 'sys_data_scope', '', '10', '0', '1', '2013-05-27 08:00:00', '1', '2013-05-27 08:00:00', null, '0'), ('33', '2', '', 'sys_data_scope', '', '20', '0', '1', '2013-05-27 08:00:00', '1', '2013-05-27 08:00:00', null, '0'), ('34', '3', '', 'sys_data_scope', '', '30', '0', '1', '2013-05-27 08:00:00', '1', '2013-05-27 08:00:00', null, '0'), ('35', '4', '', 'sys_data_scope', '', '40', '0', '1', '2013-05-27 08:00:00', '1', '2013-05-27 08:00:00', null, '0'), ('36', '5', '', 'sys_data_scope', '', '50', '0', '1', '2013-05-27 08:00:00', '1', '2013-05-27 08:00:00', null, '0'), ('37', '8', '', 'sys_data_scope', '', '90', '0', '1', '2013-05-27 08:00:00', '1', '2013-05-27 08:00:00', null, '0'), ('38', '9', '', 'sys_data_scope', '', '100', '0', '1', '2013-05-27 08:00:00', '1', '2013-05-27 08:00:00', null, '0'), ('39', '1', '', 'sys_user_type', '', '10', '0', '1', '2013-05-27 08:00:00', '1', '2013-05-27 08:00:00', null, '0'), ('4', '0', '', 'show_hide', '/', '20', '0', '1', '2013-05-27 08:00:00', '1', '2013-05-27 08:00:00', null, '0'), ('40', '2', '', 'sys_user_type', '', '20', '0', '1', '2013-05-27 08:00:00', '1', '2013-05-27 08:00:00', null, '0'), ('41', '3', '', 'sys_user_type', '', '30', '0', '1', '2013-05-27 08:00:00', '1', '2013-05-27 08:00:00', null, '0'), ('42', 'basic', '', 'cms_theme', '', '10', '0', '1', '2013-05-27 08:00:00', '1', '2013-05-27 08:00:00', null, '0'), ('43', 'blue', '', 'cms_theme', '', '20', '0', '1', '2013-05-27 08:00:00', '1', '2013-05-27 08:00:00', null, '1'), ('44', 'red', '', 'cms_theme', '', '30', '0', '1', '2013-05-27 08:00:00', '1', '2013-05-27 08:00:00', null, '1'), ('45', 'article', '', 'cms_module', '', '10', '0', '1', '2013-05-27 08:00:00', '1', '2013-05-27 08:00:00', null, '0'), ('46', 'picture', '', 'cms_module', '', '20', '0', '1', '2013-05-27 08:00:00', '1', '2013-05-27 08:00:00', null, '1'), ('47', 'download', '', 'cms_module', '', '30', '0', '1', '2013-05-27 08:00:00', '1', '2013-05-27 08:00:00', null, '1'), ('48', 'link', '', 'cms_module', '', '40', '0', '1', '2013-05-27 08:00:00', '1', '2013-05-27 08:00:00', null, '0'), ('49', 'special', '', 'cms_module', '', '50', '0', '1', '2013-05-27 08:00:00', '1', '2013-05-27 08:00:00', null, '1'), ('5', '1', '', 'yes_no', '/', '10', '0', '1', '2013-05-27 08:00:00', '1', '2013-05-27 08:00:00', null, '0'), ('50', '0', '', 'cms_show_modes', '', '10', '0', '1', '2013-05-27 08:00:00', '1', '2013-05-27 08:00:00', null, '0'), ('51', '1', '', 'cms_show_modes', '', '20', '0', '1', '2013-05-27 08:00:00', '1', '2013-05-27 08:00:00', null, '0'), ('52', '2', '', 'cms_show_modes', '', '30', '0', '1', '2013-05-27 08:00:00', '1', '2013-05-27 08:00:00', null, '0'), ('53', '0', '', 'cms_del_flag', '', '10', '0', '1', '2013-05-27 08:00:00', '1', '2013-05-27 08:00:00', null, '0'), ('54', '1', '', 'cms_del_flag', '', '20', '0', '1', '2013-05-27 08:00:00', '1', '2013-05-27 08:00:00', null, '0'), ('55', '2', '', 'cms_del_flag', '', '15', '0', '1', '2013-05-27 08:00:00', '1', '2013-05-27 08:00:00', null, '0'), ('56', '1', '', 'cms_posid', '', '10', '0', '1', '2013-05-27 08:00:00', '1', '2013-05-27 08:00:00', null, '0'), ('57', '2', '', 'cms_posid', '', '20', '0', '1', '2013-05-27 08:00:00', '1', '2013-05-27 08:00:00', null, '0'), ('58', '1', '', 'cms_guestbook', '', '10', '0', '1', '2013-05-27 08:00:00', '1', '2013-05-27 08:00:00', null, '0'), ('59', '2', '', 'cms_guestbook', '', '20', '0', '1', '2013-05-27 08:00:00', '1', '2013-05-27 08:00:00', null, '0'), ('6', '0', '', 'yes_no', '/', '20', '0', '1', '2013-05-27 08:00:00', '1', '2013-05-27 08:00:00', null, '0'), ('60', '3', '', 'cms_guestbook', '', '30', '0', '1', '2013-05-27 08:00:00', '1', '2013-05-27 08:00:00', null, '0'), ('61', '4', '', 'cms_guestbook', '', '40', '0', '1', '2013-05-27 08:00:00', '1', '2013-05-27 08:00:00', null, '0'), ('62', '1', '', 'oa_leave_type', '', '10', '0', '1', '2013-05-27 08:00:00', '1', '2013-05-27 08:00:00', null, '0'), ('63', '2', '', 'oa_leave_type', '', '20', '0', '1', '2013-05-27 08:00:00', '1', '2013-05-27 08:00:00', null, '0'), ('64', '3', '', 'oa_leave_type', '', '30', '0', '1', '2013-05-27 08:00:00', '1', '2013-05-27 08:00:00', null, '0'), ('65', '4', '', 'oa_leave_type', '', '40', '0', '1', '2013-05-27 08:00:00', '1', '2013-05-27 08:00:00', null, '0'), ('66', '5', '', 'oa_leave_type', '', '60', '0', '1', '2013-05-27 08:00:00', '1', '2013-05-27 08:00:00', null, '0'), ('67', '1', '', 'sys_log_type', '', '30', '0', '1', '2013-06-03 08:00:00', '1', '2013-06-03 08:00:00', null, '0'), ('68', '2', '', 'sys_log_type', '', '40', '0', '1', '2013-06-03 08:00:00', '1', '2013-06-03 08:00:00', null, '0'), ('69', 'leave', '', 'act_type', '', '10', '0', '1', '2013-06-03 08:00:00', '1', '2013-06-03 08:00:00', null, '0'), ('7', 'red', '', 'color', '', '10', '0', '1', '2013-05-27 08:00:00', '1', '2013-05-27 08:00:00', null, '0'), ('70', 'test_audit', '', 'act_type', '', '20', '0', '1', '2013-06-03 08:00:00', '1', '2013-06-03 08:00:00', null, '0'), ('71', '1', '1', 'act_category', '', '10', '0', '1', '2013-06-03 08:00:00', '1', '2013-06-03 08:00:00', null, '0'), ('72', '2', '2', 'act_category', '', '20', '0', '1', '2013-06-03 08:00:00', '1', '2013-06-03 08:00:00', null, '0'), ('73', 'crud', '', 'gen_category', '', '10', '0', '1', '2013-10-28 08:00:00', '1', '2013-10-28 08:00:00', null, '1'), ('74', 'crud_many', '', 'gen_category', '', '20', '0', '1', '2013-10-28 08:00:00', '1', '2013-10-28 08:00:00', null, '1'), ('75', 'tree', '', 'gen_category', '', '30', '0', '1', '2013-10-28 08:00:00', '1', '2013-10-28 08:00:00', null, '1'), ('76', '=', '=', 'gen_query_type', '', '10', '0', '1', '2013-10-28 08:00:00', '1', '2013-10-28 08:00:00', null, '1'), ('77', '!=', '!=', 'gen_query_type', '', '20', '0', '1', '2013-10-28 08:00:00', '1', '2013-10-28 08:00:00', null, '1'), ('78', '&gt;', '&gt;', 'gen_query_type', '', '30', '0', '1', '2013-10-28 08:00:00', '1', '2013-10-28 08:00:00', null, '1'), ('79', '&lt;', '&lt;', 'gen_query_type', '', '40', '0', '1', '2013-10-28 08:00:00', '1', '2013-10-28 08:00:00', null, '1'), ('8', 'green', '', 'color', '', '20', '0', '1', '2013-05-27 08:00:00', '1', '2013-05-27 08:00:00', null, '0'), ('80', 'between', 'Between', 'gen_query_type', '', '50', '0', '1', '2013-10-28 08:00:00', '1', '2013-10-28 08:00:00', null, '1'), ('81', 'like', 'Like', 'gen_query_type', '', '60', '0', '1', '2013-10-28 08:00:00', '1', '2013-10-28 08:00:00', null, '1'), ('82', 'left_like', 'Left Like', 'gen_query_type', '', '70', '0', '1', '2013-10-28 08:00:00', '1', '2013-10-28 08:00:00', null, '1'), ('83', 'right_like', 'Right Like', 'gen_query_type', '', '80', '0', '1', '2013-10-28 08:00:00', '1', '2013-10-28 08:00:00', null, '1'), ('84', 'input', '', 'gen_show_type', '', '10', '0', '1', '2013-10-28 08:00:00', '1', '2013-10-28 08:00:00', null, '1'), ('85', 'textarea', '', 'gen_show_type', '', '20', '0', '1', '2013-10-28 08:00:00', '1', '2013-10-28 08:00:00', null, '1'), ('86', 'select', '', 'gen_show_type', '', '30', '0', '1', '2013-10-28 08:00:00', '1', '2013-10-28 08:00:00', null, '1'), ('87', 'checkbox', '', 'gen_show_type', '', '40', '0', '1', '2013-10-28 08:00:00', '1', '2013-10-28 08:00:00', null, '1'), ('88', 'radiobox', '', 'gen_show_type', '', '50', '0', '1', '2013-10-28 08:00:00', '1', '2013-10-28 08:00:00', null, '1'), ('89', 'dateselect', '', 'gen_show_type', '', '60', '0', '1', '2013-10-28 08:00:00', '1', '2013-10-28 08:00:00', null, '1'), ('9', 'blue', '', 'color', '', '30', '0', '1', '2013-05-27 08:00:00', '1', '2013-05-27 08:00:00', null, '0'), ('90', 'userselect', '\0', 'gen_show_type', '', '70', '0', '1', '2013-10-28 08:00:00', '1', '2013-10-28 08:00:00', null, '1'), ('91', 'officeselect', '', 'gen_show_type', '', '80', '0', '1', '2013-10-28 08:00:00', '1', '2013-10-28 08:00:00', null, '1'), ('92', 'areaselect', '', 'gen_show_type', '', '90', '0', '1', '2013-10-28 08:00:00', '1', '2013-10-28 08:00:00', null, '1'), ('93', 'String', 'String', 'gen_java_type', 'Java', '10', '0', '1', '2013-10-28 08:00:00', '1', '2013-10-28 08:00:00', null, '1'), ('94', 'Long', 'Long', 'gen_java_type', 'Java', '20', '0', '1', '2013-10-28 08:00:00', '1', '2013-10-28 08:00:00', null, '1'), ('95', 'dao', '', 'gen_category', '\0\0\0\0\0\0', '40', '0', '1', '2013-10-28 08:00:00', '1', '2013-10-28 08:00:00', null, '1'), ('96', '1', '', 'sex', '', '10', '0', '1', '2013-10-28 08:00:00', '1', '2013-10-28 08:00:00', null, '0'), ('97', '2', '', 'sex', '', '20', '0', '1', '2013-10-28 08:00:00', '1', '2013-10-28 08:00:00', null, '0'), ('98', 'Integer', 'Integer', 'gen_java_type', 'Java\0\0', '30', '0', '1', '2013-10-28 08:00:00', '1', '2013-10-28 08:00:00', null, '1'), ('99', 'Double', 'Double', 'gen_java_type', 'Java\0\0', '40', '0', '1', '2013-10-28 08:00:00', '1', '2013-10-28 08:00:00', null, '1');
COMMIT;

-- ----------------------------
--  Table structure for `sys_log`
-- ----------------------------
DROP TABLE IF EXISTS `sys_log`;
CREATE TABLE `sys_log` (
  `id` varchar(64) COLLATE utf8_bin NOT NULL COMMENT '',
  `type` char(1) COLLATE utf8_bin DEFAULT '1' COMMENT '',
  `title` varchar(255) COLLATE utf8_bin DEFAULT '' COMMENT '',
  `create_by` varchar(64) COLLATE utf8_bin DEFAULT NULL COMMENT '',
  `create_date` datetime DEFAULT NULL COMMENT '',
  `remote_addr` varchar(255) COLLATE utf8_bin DEFAULT NULL COMMENT 'IP',
  `user_agent` varchar(255) COLLATE utf8_bin DEFAULT NULL COMMENT '',
  `request_uri` varchar(255) COLLATE utf8_bin DEFAULT NULL COMMENT 'URI',
  `method` varchar(5) COLLATE utf8_bin DEFAULT NULL COMMENT '',
  `params` text COLLATE utf8_bin COMMENT '',
  `exception` text COLLATE utf8_bin COMMENT '',
  PRIMARY KEY (`id`),
  KEY `sys_log_create_by` (`create_by`),
  KEY `sys_log_request_uri` (`request_uri`),
  KEY `sys_log_type` (`type`),
  KEY `sys_log_create_date` (`create_date`)
) ENGINE=InnoDB DEFAULT CHARSET=utf8 COLLATE=utf8_bin COMMENT='';

-- ----------------------------
--  Records of `sys_log`
-- ----------------------------
BEGIN;
INSERT INTO `sys_log` VALUES ('028fbcacab624407bb1f2f7ab08c6789', '1', '---', '1', '2015-08-14 17:22:27', '0:0:0:0:0:0:0:1', 'Mozilla/5.0 (Macintosh; Intel Mac OS X 10_10_4) AppleWebKit/537.36 (KHTML, like Gecko) Chrome/41.0.2272.89 Safari/537.36', '/jeesite/a/sys/user/list', 'GET', '', ''), ('0d820b47f1594afdb42accfeb4ad5b7f', '1', '-', '1', '2015-08-12 09:31:19', '0:0:0:0:0:0:0:1', 'Mozilla/5.0 (Macintosh; Intel Mac OS X 10_10_4) AppleWebKit/537.36 (KHTML, like Gecko) Chrome/41.0.2272.89 Safari/537.36', '/jeesite/a/cms/tree', 'GET', '', ''), ('1b370077ab9b4156966e48c7e3866242', '1', '--', '1', '2015-08-12 09:31:31', '0:0:0:0:0:0:0:1', 'Mozilla/5.0 (Macintosh; Intel Mac OS X 10_10_4) AppleWebKit/537.36 (KHTML, like Gecko) Chrome/41.0.2272.89 Safari/537.36', '/jeesite/a/cms/category/', 'GET', 0x7461625061676549643d6a65726963686f746162696672616d655f37, ''), ('1b9b6160813d42dfa257b90abb2324a1', '1', '--', '1', '2015-08-14 17:22:29', '0:0:0:0:0:0:0:1', 'Mozilla/5.0 (Macintosh; Intel Mac OS X 10_10_4) AppleWebKit/537.36 (KHTML, like Gecko) Chrome/41.0.2272.89 Safari/537.36', '/jeesite/a/sys/dict/', 'GET', 0x7461625061676549643d6a65726963686f746162696672616d655f33, ''), ('246453a7cde34cdb81fd8b8622a2ac6d', '1', '--', '1', '2015-08-14 17:21:59', '0:0:0:0:0:0:0:1', 'Mozilla/5.0 (Macintosh; Intel Mac OS X 10_10_4) AppleWebKit/537.36 (KHTML, like Gecko) Chrome/41.0.2272.89 Safari/537.36', '/jeesite/a/sys/user/info', 'GET', 0x7461625061676549643d6a65726963686f746162696672616d655f30, ''), ('27ca097c2b4746b7bb566ff86159e969', '1', '', '1', '2015-08-14 17:21:57', '0:0:0:0:0:0:0:1', 'Mozilla/5.0 (Macintosh; Intel Mac OS X 10_10_4) AppleWebKit/537.36 (KHTML, like Gecko) Chrome/41.0.2272.89 Safari/537.36', '/jeesite/a', 'GET', 0x6c6f67696e3d, ''), ('317d83c5ecba4cc2911db35abf841221', '1', '--', '1', '2015-08-12 09:32:20', '0:0:0:0:0:0:0:1', 'Mozilla/5.0 (Macintosh; Intel Mac OS X 10_10_4) AppleWebKit/537.36 (KHTML, like Gecko) Chrome/41.0.2272.89 Safari/537.36', '/jeesite/a/test/testTree', 'GET', 0x7461625061676549643d6a65726963686f746162696672616d655f3132, ''), ('33d35dd9ac7443aaabf71ada1a94cec8', '1', '-', '1', '2015-08-12 09:31:18', '0:0:0:0:0:0:0:1', 'Mozilla/5.0 (Macintosh; Intel Mac OS X 10_10_4) AppleWebKit/537.36 (KHTML, like Gecko) Chrome/41.0.2272.89 Safari/537.36', '/jeesite/a/cms/none', 'GET', '', ''), ('42b7bd7828464c44a04881c5887c2277', '1', '--', '1', '2015-08-12 09:31:29', '0:0:0:0:0:0:0:1', 'Mozilla/5.0 (Macintosh; Intel Mac OS X 10_10_4) AppleWebKit/537.36 (KHTML, like Gecko) Chrome/41.0.2272.89 Safari/537.36', '/jeesite/a/cms/stats/article', 'GET', 0x7461625061676549643d6a65726963686f746162696672616d655f36, ''), ('445108d366af4ac688889b94be9d49bd', '1', '---', '1', '2015-08-12 09:31:25', '0:0:0:0:0:0:0:1', 'Mozilla/5.0 (Macintosh; Intel Mac OS X 10_10_4) AppleWebKit/537.36 (KHTML, like Gecko) Chrome/41.0.2272.89 Safari/537.36', '/jeesite/a/cms/comment/', 'GET', 0x7461625061676549643d6a65726963686f746162696672616d655f34267374617475733d32, ''), ('483405205dcf4ba5970651cacc18ef0f', '1', '--', '1', '2015-08-12 09:32:10', '0:0:0:0:0:0:0:1', 'Mozilla/5.0 (Macintosh; Intel Mac OS X 10_10_4) AppleWebKit/537.36 (KHTML, like Gecko) Chrome/41.0.2272.89 Safari/537.36', '/jeesite/a/gen/genTable', 'GET', 0x7461625061676549643d6a65726963686f746162696672616d655f39, ''), ('5f2bc8dddfcc40f0b411c76ba839c6c0', '1', '', '1', '2015-08-12 09:31:10', '0:0:0:0:0:0:0:1', 'Mozilla/5.0 (Macintosh; Intel Mac OS X 10_10_4) AppleWebKit/537.36 (KHTML, like Gecko) Chrome/41.0.2272.89 Safari/537.36', '/jeesite/a', 'GET', 0x6c6f67696e3d, ''), ('61be6005c53d423fbe0a03684572311a', '1', '--', '1', '2015-08-12 09:32:13', '0:0:0:0:0:0:0:1', 'Mozilla/5.0 (Macintosh; Intel Mac OS X 10_10_4) AppleWebKit/537.36 (KHTML, like Gecko) Chrome/41.0.2272.89 Safari/537.36', '/jeesite/a/test/testData', 'GET', 0x7461625061676549643d6a65726963686f746162696672616d655f3130, ''), ('7b681d95e72c42df93e371e64fe1b6c5', '1', '---', '1', '2015-08-12 09:31:27', '0:0:0:0:0:0:0:1', 'Mozilla/5.0 (Macintosh; Intel Mac OS X 10_10_4) AppleWebKit/537.36 (KHTML, like Gecko) Chrome/41.0.2272.89 Safari/537.36', '/jeesite/a/cms/guestbook/', 'GET', 0x7461625061676549643d6a65726963686f746162696672616d655f35267374617475733d32, ''), ('7e9f109928c34b298d500902d6f7d01c', '1', '--', '1', '2015-08-14 17:22:32', '0:0:0:0:0:0:0:1', 'Mozilla/5.0 (Macintosh; Intel Mac OS X 10_10_4) AppleWebKit/537.36 (KHTML, like Gecko) Chrome/41.0.2272.89 Safari/537.36', '/jeesite/a/sys/dict/', 'POST', 0x7061676553697a653d3330266465736372697074696f6e3d67656e5f6a6176615f7479706526747970653d26706167654e6f3d31, ''), ('a9391429d53041d781b328ba1d4b6290', '1', '--', '1', '2015-08-12 09:32:06', '0:0:0:0:0:0:0:1', 'Mozilla/5.0 (Macintosh; Intel Mac OS X 10_10_4) AppleWebKit/537.36 (KHTML, like Gecko) Chrome/41.0.2272.89 Safari/537.36', '/jeesite/a/sys/user/index', 'GET', 0x7461625061676549643d6a65726963686f746162696672616d655f38, ''), ('b47f0e5d19154372a6c0d82da7334e0b', '1', '--', '1', '2015-08-14 17:22:26', '0:0:0:0:0:0:0:1', 'Mozilla/5.0 (Macintosh; Intel Mac OS X 10_10_4) AppleWebKit/537.36 (KHTML, like Gecko) Chrome/41.0.2272.89 Safari/537.36', '/jeesite/a/sys/user/index', 'GET', 0x7461625061676549643d6a65726963686f746162696672616d655f32, ''), ('becccef0acd14bf98e177701715fa48e', '1', '---', '1', '2015-08-12 09:32:32', '0:0:0:0:0:0:0:1', 'Mozilla/5.0 (Macintosh; Intel Mac OS X 10_10_4) AppleWebKit/537.36 (KHTML, like Gecko) Chrome/41.0.2272.89 Safari/537.36', '/jeesite/a/cms/article/', 'GET', 0x63617465676f72792e69643d33, ''), ('c0589acc86fc4cf4bb6be21ad19075e7', '1', '---', '1', '2015-08-12 09:32:07', '0:0:0:0:0:0:0:1', 'Mozilla/5.0 (Macintosh; Intel Mac OS X 10_10_4) AppleWebKit/537.36 (KHTML, like Gecko) Chrome/41.0.2272.89 Safari/537.36', '/jeesite/a/sys/user/list', 'GET', '', ''), ('c403772ada874a9287b2ddafb8eabada', '1', '--', '1', '2015-08-12 09:32:15', '0:0:0:0:0:0:0:1', 'Mozilla/5.0 (Macintosh; Intel Mac OS X 10_10_4) AppleWebKit/537.36 (KHTML, like Gecko) Chrome/41.0.2272.89 Safari/537.36', '/jeesite/a/test/testDataMain', 'GET', 0x7461625061676549643d6a65726963686f746162696672616d655f3131, ''), ('c8048743d6ce404495adbac9f0138b23', '1', '---', '1', '2015-08-12 09:32:18', '0:0:0:0:0:0:0:1', 'Mozilla/5.0 (Macintosh; Intel Mac OS X 10_10_4) AppleWebKit/537.36 (KHTML, like Gecko) Chrome/41.0.2272.89 Safari/537.36', '/jeesite/a/test/testDataMain/form', 'GET', '', ''), ('d12dc22c235b4b4c8c1f3589be7631db', '1', '---', '1', '2015-08-12 09:32:22', '0:0:0:0:0:0:0:1', 'Mozilla/5.0 (Macintosh; Intel Mac OS X 10_10_4) AppleWebKit/537.36 (KHTML, like Gecko) Chrome/41.0.2272.89 Safari/537.36', '/jeesite/a/test/testTree/form', 'GET', '', ''), ('db2190e404884d2185b8811aca39cf1e', '1', '--', '1', '2015-08-14 17:22:21', '0:0:0:0:0:0:0:1', 'Mozilla/5.0 (Macintosh; Intel Mac OS X 10_10_4) AppleWebKit/537.36 (KHTML, like Gecko) Chrome/41.0.2272.89 Safari/537.36', '/jeesite/a/gen/genTable', 'GET', 0x7461625061676549643d6a65726963686f746162696672616d655f31, ''), ('e5bee7d0ecb2459a9334649da56dfead', '1', '--', '1', '2015-08-12 09:31:12', '0:0:0:0:0:0:0:1', 'Mozilla/5.0 (Macintosh; Intel Mac OS X 10_10_4) AppleWebKit/537.36 (KHTML, like Gecko) Chrome/41.0.2272.89 Safari/537.36', '/jeesite/a/sys/user/info', 'GET', 0x7461625061676549643d6a65726963686f746162696672616d655f30, ''), ('e686c1686bc8491ab7fa7cd9c0e0c750', '1', '--', '1', '2015-08-12 09:31:15', '0:0:0:0:0:0:0:1', 'Mozilla/5.0 (Macintosh; Intel Mac OS X 10_10_4) AppleWebKit/537.36 (KHTML, like Gecko) Chrome/41.0.2272.89 Safari/537.36', '/jeesite/a/oa/oaNotify/self', 'GET', 0x7461625061676549643d6a65726963686f746162696672616d655f31, ''), ('ea51e272fe424c94a72c10a9f99fdd7c', '1', '--', '1', '2015-08-12 09:31:18', '0:0:0:0:0:0:0:1', 'Mozilla/5.0 (Macintosh; Intel Mac OS X 10_10_4) AppleWebKit/537.36 (KHTML, like Gecko) Chrome/41.0.2272.89 Safari/537.36', '/jeesite/a/cms/', 'GET', 0x7461625061676549643d6a65726963686f746162696672616d655f33, ''), ('ebde9450f7a141c9a517268de4e5c032', '1', '----', '1', '2015-08-12 09:32:34', '0:0:0:0:0:0:0:1', 'Mozilla/5.0 (Macintosh; Intel Mac OS X 10_10_4) AppleWebKit/537.36 (KHTML, like Gecko) Chrome/41.0.2272.89 Safari/537.36', '/jeesite/a/cms/article/findByIds', 'GET', 0x6964733d312c322c33, ''), ('ede450eb561d4e6cb605a256d69ded2c', '1', '--', '1', '2015-08-12 09:31:16', '0:0:0:0:0:0:0:1', 'Mozilla/5.0 (Macintosh; Intel Mac OS X 10_10_4) AppleWebKit/537.36 (KHTML, like Gecko) Chrome/41.0.2272.89 Safari/537.36', '/jeesite/a/oa/oaNotify', 'GET', 0x7461625061676549643d6a65726963686f746162696672616d655f32, ''), ('f878532a2b4e4b30868ff1cc12f2ae7d', '1', '----', '1', '2015-08-12 09:32:34', '0:0:0:0:0:0:0:1', 'Mozilla/5.0 (Macintosh; Intel Mac OS X 10_10_4) AppleWebKit/537.36 (KHTML, like Gecko) Chrome/41.0.2272.89 Safari/537.36', '/jeesite/a/cms/article/form', 'GET', 0x69643d31, ''), ('fdcb2601f6234ac98f769ca82e1e5875', '1', '---', '1', '2015-08-14 17:24:37', '0:0:0:0:0:0:0:1', 'Mozilla/5.0 (Macintosh; Intel Mac OS X 10_10_4) AppleWebKit/537.36 (KHTML, like Gecko) Chrome/41.0.2272.89 Safari/537.36', '/jeesite/a/sys/dict/form', 'GET', 0x736f72743d3130, '');
COMMIT;

-- ----------------------------
--  Table structure for `sys_mdict`
-- ----------------------------
DROP TABLE IF EXISTS `sys_mdict`;
CREATE TABLE `sys_mdict` (
  `id` varchar(64) COLLATE utf8_bin NOT NULL COMMENT '',
  `parent_id` varchar(64) COLLATE utf8_bin NOT NULL COMMENT '',
  `parent_ids` varchar(2000) COLLATE utf8_bin NOT NULL COMMENT '',
  `name` varchar(100) COLLATE utf8_bin NOT NULL COMMENT '',
  `sort` decimal(10,0) NOT NULL COMMENT '',
  `description` varchar(100) COLLATE utf8_bin DEFAULT NULL COMMENT '',
  `create_by` varchar(64) COLLATE utf8_bin NOT NULL COMMENT '',
  `create_date` datetime NOT NULL COMMENT '',
  `update_by` varchar(64) COLLATE utf8_bin NOT NULL COMMENT '',
  `update_date` datetime NOT NULL COMMENT '',
  `remarks` varchar(255) COLLATE utf8_bin DEFAULT NULL COMMENT '',
  `del_flag` char(1) COLLATE utf8_bin NOT NULL DEFAULT '0' COMMENT '',
  PRIMARY KEY (`id`),
  KEY `sys_mdict_parent_id` (`parent_id`),
  KEY `sys_mdict_del_flag` (`del_flag`)
) ENGINE=InnoDB DEFAULT CHARSET=utf8 COLLATE=utf8_bin COMMENT='';

-- ----------------------------
--  Table structure for `sys_menu`
-- ----------------------------
DROP TABLE IF EXISTS `sys_menu`;
CREATE TABLE `sys_menu` (
  `id` varchar(64) COLLATE utf8_bin NOT NULL COMMENT '',
  `parent_id` varchar(64) COLLATE utf8_bin NOT NULL COMMENT '',
  `parent_ids` varchar(2000) COLLATE utf8_bin NOT NULL COMMENT '',
  `name` varchar(100) COLLATE utf8_bin NOT NULL COMMENT '',
  `sort` decimal(10,0) NOT NULL COMMENT '',
  `href` varchar(2000) COLLATE utf8_bin DEFAULT NULL COMMENT '',
  `target` varchar(20) COLLATE utf8_bin DEFAULT NULL COMMENT '',
  `icon` varchar(100) COLLATE utf8_bin DEFAULT NULL COMMENT '',
  `is_show` char(1) COLLATE utf8_bin NOT NULL COMMENT '',
  `permission` varchar(200) COLLATE utf8_bin DEFAULT NULL COMMENT '',
  `create_by` varchar(64) COLLATE utf8_bin NOT NULL COMMENT '',
  `create_date` datetime NOT NULL COMMENT '',
  `update_by` varchar(64) COLLATE utf8_bin NOT NULL COMMENT '',
  `update_date` datetime NOT NULL COMMENT '',
  `remarks` varchar(255) COLLATE utf8_bin DEFAULT NULL COMMENT '',
  `del_flag` char(1) COLLATE utf8_bin NOT NULL DEFAULT '0' COMMENT '',
  PRIMARY KEY (`id`),
  KEY `sys_menu_parent_id` (`parent_id`),
  KEY `sys_menu_del_flag` (`del_flag`)
) ENGINE=InnoDB DEFAULT CHARSET=utf8 COLLATE=utf8_bin COMMENT='';

-- ----------------------------
--  Records of `sys_menu`
-- ----------------------------
BEGIN;
INSERT INTO `sys_menu` VALUES ('0b2ebd4d639e4c2b83c2dd0764522f24', 'ba8092291b40482db8fe7fc006ea3d76', '0,1,79,3c92c17886944d0687e73e286cada573,ba8092291b40482db8fe7fc006ea3d76,', '', '60', '', '', '', '0', 'test:testData:edit', '1', '2013-08-12 13:10:05', '1', '2013-08-12 13:10:05', '', '0'), ('0ca004d6b1bf4bcab9670a5060d82a55', '3c92c17886944d0687e73e286cada573', '0,1,79,3c92c17886944d0687e73e286cada573,', '', '90', '/test/testTree', '', '', '1', '', '1', '2013-08-12 13:10:05', '1', '2013-08-12 13:10:05', '', '0'), ('1', '0', '0,', '', '0', null, null, null, '1', null, '1', '2013-05-27 08:00:00', '1', '2013-05-27 08:00:00', null, '0'), ('10', '3', '0,1,2,3,', '', '60', '/sys/dict/', null, 'th-list', '1', null, '1', '2013-05-27 08:00:00', '1', '2013-05-27 08:00:00', null, '0'), ('11', '10', '0,1,2,3,10,', '', '30', null, null, null, '0', 'sys:dict:view', '1', '2013-05-27 08:00:00', '1', '2013-05-27 08:00:00', null, '0'), ('12', '10', '0,1,2,3,10,', '', '40', null, null, null, '0', 'sys:dict:edit', '1', '2013-05-27 08:00:00', '1', '2013-05-27 08:00:00', null, '0'), ('13', '2', '0,1,2,', '', '970', null, null, null, '1', null, '1', '2013-05-27 08:00:00', '1', '2013-05-27 08:00:00', null, '0'), ('14', '13', '0,1,2,13,', '', '50', '/sys/area/', null, 'th', '1', null, '1', '2013-05-27 08:00:00', '1', '2013-05-27 08:00:00', null, '0'), ('15', '14', '0,1,2,13,14,', '', '30', null, null, null, '0', 'sys:area:view', '1', '2013-05-27 08:00:00', '1', '2013-05-27 08:00:00', null, '0'), ('16', '14', '0,1,2,13,14,', '', '40', null, null, null, '0', 'sys:area:edit', '1', '2013-05-27 08:00:00', '1', '2013-05-27 08:00:00', null, '0'), ('17', '13', '0,1,2,13,', '', '40', '/sys/office/', null, 'th-large', '1', null, '1', '2013-05-27 08:00:00', '1', '2013-05-27 08:00:00', null, '0'), ('18', '17', '0,1,2,13,17,', '', '30', null, null, null, '0', 'sys:office:view', '1', '2013-05-27 08:00:00', '1', '2013-05-27 08:00:00', null, '0'), ('19', '17', '0,1,2,13,17,', '', '40', null, null, null, '0', 'sys:office:edit', '1', '2013-05-27 08:00:00', '1', '2013-05-27 08:00:00', null, '0'), ('2', '1', '0,1,', '', '900', null, null, null, '1', null, '1', '2013-05-27 08:00:00', '1', '2013-05-27 08:00:00', null, '0'), ('20', '13', '0,1,2,13,', '', '30', '/sys/user/index', null, 'user', '1', null, '1', '2013-05-27 08:00:00', '1', '2013-05-27 08:00:00', null, '0'), ('21', '20', '0,1,2,13,20,', '', '30', null, null, null, '0', 'sys:user:view', '1', '2013-05-27 08:00:00', '1', '2013-05-27 08:00:00', null, '0'), ('22', '20', '0,1,2,13,20,', '', '40', null, null, null, '0', 'sys:user:edit', '1', '2013-05-27 08:00:00', '1', '2013-05-27 08:00:00', null, '0'), ('23', '2', '0,1,2,', '', '990', null, null, null, '0', null, '1', '2013-05-27 08:00:00', '1', '2013-05-27 08:00:00', null, '0'), ('24', '23', '0,1,2,23', '', '30', 'http://jeesite.com', '_blank', null, '0', null, '1', '2013-05-27 08:00:00', '1', '2013-05-27 08:00:00', null, '0'), ('25', '23', '0,1,2,23', '', '50', 'http://jeesite.com/donation.html', '_blank', null, '0', null, '1', '2013-05-27 08:00:00', '1', '2013-05-27 08:00:00', null, '1'), ('26', '23', '0,1,2,23', '', '80', 'http://bbs.jeesite.com', '_blank', null, '0', null, '1', '2013-05-27 08:00:00', '1', '2013-05-27 08:00:00', null, '1'), ('27', '1', '0,1,', '', '100', null, null, null, '1', null, '1', '2013-05-27 08:00:00', '1', '2013-05-27 08:00:00', null, '0'), ('28', '27', '0,1,27,', '', '30', null, null, null, '1', null, '1', '2013-05-27 08:00:00', '1', '2013-05-27 08:00:00', null, '0'), ('29', '28', '0,1,27,28,', '', '30', '/sys/user/info', null, 'user', '1', null, '1', '2013-05-27 08:00:00', '1', '2013-05-27 08:00:00', null, '0'), ('3', '2', '0,1,2,', '', '980', null, null, null, '1', null, '1', '2013-05-27 08:00:00', '1', '2013-05-27 08:00:00', null, '0'), ('30', '28', '0,1,27,28,', '', '40', '/sys/user/modifyPwd', null, 'lock', '1', null, '1', '2013-05-27 08:00:00', '1', '2013-05-27 08:00:00', null, '0'), ('31', '1', '0,1,', '', '500', null, null, null, '1', null, '1', '2013-05-27 08:00:00', '1', '2013-05-27 08:00:00', null, '0'), ('32', '31', '0,1,31,', '', '990', null, null, null, '1', null, '1', '2013-05-27 08:00:00', '1', '2013-05-27 08:00:00', null, '0'), ('33', '32', '0,1,31,32', '', '30', '/cms/category/', null, 'align-justify', '1', null, '1', '2013-05-27 08:00:00', '1', '2013-05-27 08:00:00', null, '0'), ('34', '33', '0,1,31,32,33,', '', '30', null, null, null, '0', 'cms:category:view', '1', '2013-05-27 08:00:00', '1', '2013-05-27 08:00:00', null, '0'), ('35', '33', '0,1,31,32,33,', '', '40', null, null, null, '0', 'cms:category:edit', '1', '2013-05-27 08:00:00', '1', '2013-05-27 08:00:00', null, '0'), ('36', '32', '0,1,31,32', '', '40', '/cms/site/', null, 'certificate', '1', null, '1', '2013-05-27 08:00:00', '1', '2013-05-27 08:00:00', null, '0'), ('37', '36', '0,1,31,32,36,', '', '30', null, null, null, '0', 'cms:site:view', '1', '2013-05-27 08:00:00', '1', '2013-05-27 08:00:00', null, '0'), ('38', '36', '0,1,31,32,36,', '', '40', null, null, null, '0', 'cms:site:edit', '1', '2013-05-27 08:00:00', '1', '2013-05-27 08:00:00', null, '0'), ('39', '32', '0,1,31,32', '', '50', '/cms/site/select', null, 'retweet', '1', 'cms:site:select', '1', '2013-05-27 08:00:00', '1', '2013-05-27 08:00:00', null, '0'), ('3c92c17886944d0687e73e286cada573', '79', '0,1,79,', '', '120', '', '', '', '1', '', '1', '2013-08-12 13:10:05', '1', '2013-08-12 13:10:05', '', '0'), ('4', '3', '0,1,2,3,', '', '30', '/sys/menu/', null, 'list-alt', '1', null, '1', '2013-05-27 08:00:00', '1', '2013-05-27 08:00:00', null, '0'), ('40', '31', '0,1,31,', '', '500', null, null, null, '1', 'cms:view', '1', '2013-05-27 08:00:00', '1', '2013-05-27 08:00:00', null, '0'), ('41', '40', '0,1,31,40,', '', '30', '/cms/', null, 'briefcase', '1', null, '1', '2013-05-27 08:00:00', '1', '2013-05-27 08:00:00', null, '0'), ('42', '41', '0,1,31,40,41,', '', '40', '/cms/article/', null, 'file', '0', null, '1', '2013-05-27 08:00:00', '1', '2013-05-27 08:00:00', null, '0'), ('43', '42', '0,1,31,40,41,42,', '', '30', null, null, null, '0', 'cms:article:view', '1', '2013-05-27 08:00:00', '1', '2013-05-27 08:00:00', null, '0'), ('44', '42', '0,1,31,40,41,42,', '', '40', null, null, null, '0', 'cms:article:edit', '1', '2013-05-27 08:00:00', '1', '2013-05-27 08:00:00', null, '0'), ('45', '42', '0,1,31,40,41,42,', '', '50', null, null, null, '0', 'cms:article:audit', '1', '2013-05-27 08:00:00', '1', '2013-05-27 08:00:00', null, '0'), ('46', '41', '0,1,31,40,41,', '', '60', '/cms/link/', null, 'random', '0', null, '1', '2013-05-27 08:00:00', '1', '2013-05-27 08:00:00', null, '0'), ('47', '46', '0,1,31,40,41,46,', '', '30', null, null, null, '0', 'cms:link:view', '1', '2013-05-27 08:00:00', '1', '2013-05-27 08:00:00', null, '0'), ('48', '46', '0,1,31,40,41,46,', '', '40', null, null, null, '0', 'cms:link:edit', '1', '2013-05-27 08:00:00', '1', '2013-05-27 08:00:00', null, '0'), ('4855cf3b25c244fb8500a380db189d97', 'b1f6d1b86ba24365bae7fd86c5082317', '0,1,79,3c92c17886944d0687e73e286cada573,b1f6d1b86ba24365bae7fd86c5082317,', '', '30', '', '', '', '0', 'test:testDataMain:view', '1', '2013-08-12 13:10:05', '1', '2013-08-12 13:10:05', '', '0'), ('49', '46', '0,1,31,40,41,46,', '', '50', null, null, null, '0', 'cms:link:audit', '1', '2013-05-27 08:00:00', '1', '2013-05-27 08:00:00', null, '0'), ('5', '4', '0,1,2,3,4,', '', '30', null, null, null, '0', 'sys:menu:view', '1', '2013-05-27 08:00:00', '1', '2013-05-27 08:00:00', null, '0'), ('50', '40', '0,1,31,40,', '', '40', '/cms/comment/?status=2', null, 'comment', '1', null, '1', '2013-05-27 08:00:00', '1', '2013-05-27 08:00:00', null, '0'), ('51', '50', '0,1,31,40,50,', '', '30', null, null, null, '0', 'cms:comment:view', '1', '2013-05-27 08:00:00', '1', '2013-05-27 08:00:00', null, '0'), ('52', '50', '0,1,31,40,50,', '', '40', null, null, null, '0', 'cms:comment:edit', '1', '2013-05-27 08:00:00', '1', '2013-05-27 08:00:00', null, '0'), ('53', '40', '0,1,31,40,', '', '80', '/cms/guestbook/?status=2', null, 'glass', '1', null, '1', '2013-05-27 08:00:00', '1', '2013-05-27 08:00:00', null, '0'), ('54', '53', '0,1,31,40,53,', '', '30', null, null, null, '0', 'cms:guestbook:view', '1', '2013-05-27 08:00:00', '1', '2013-05-27 08:00:00', null, '0'), ('55', '53', '0,1,31,40,53,', '', '40', null, null, null, '0', 'cms:guestbook:edit', '1', '2013-05-27 08:00:00', '1', '2013-05-27 08:00:00', null, '0'), ('56', '71', '0,1,27,71,', '', '90', '/../static/ckfinder/ckfinder.html', null, 'folder-open', '1', null, '1', '2013-05-27 08:00:00', '1', '2013-05-27 08:00:00', null, '0'), ('57', '56', '0,1,27,40,56,', '', '30', null, null, null, '0', 'cms:ckfinder:view', '1', '2013-05-27 08:00:00', '1', '2013-05-27 08:00:00', null, '0'), ('58', '56', '0,1,27,40,56,', '', '40', null, null, null, '0', 'cms:ckfinder:upload', '1', '2013-05-27 08:00:00', '1', '2013-05-27 08:00:00', null, '0'), ('59', '56', '0,1,27,40,56,', '', '50', null, null, null, '0', 'cms:ckfinder:edit', '1', '2013-05-27 08:00:00', '1', '2013-05-27 08:00:00', null, '0'), ('6', '4', '0,1,2,3,4,', '', '40', null, null, null, '0', 'sys:menu:edit', '1', '2013-05-27 08:00:00', '1', '2013-05-27 08:00:00', null, '0'), ('60', '31', '0,1,31,', '', '600', null, null, null, '1', null, '1', '2013-05-27 08:00:00', '1', '2013-05-27 08:00:00', null, '0'), ('61', '60', '0,1,31,60,', '', '30', '/cms/stats/article', null, 'tasks', '1', 'cms:stats:article', '1', '2013-05-27 08:00:00', '1', '2013-05-27 08:00:00', null, '0'), ('62', '1', '0,1,', '', '200', null, null, null, '1', null, '1', '2013-05-27 08:00:00', '1', '2013-05-27 08:00:00', null, '0'), ('63', '62', '0,1,62,', '', '30', null, null, null, '1', null, '1', '2013-05-27 08:00:00', '1', '2013-05-27 08:00:00', null, '0'), ('64', '63', '0,1,62,63,', '', '300', '/oa/leave', null, 'leaf', '0', null, '1', '2013-05-27 08:00:00', '1', '2013-05-27 08:00:00', null, '0'), ('65', '64', '0,1,62,63,64,', '', '30', null, null, null, '0', 'oa:leave:view', '1', '2013-05-27 08:00:00', '1', '2013-05-27 08:00:00', null, '0'), ('66', '64', '0,1,62,63,64,', '', '40', null, null, null, '0', 'oa:leave:edit', '1', '2013-05-27 08:00:00', '1', '2013-05-27 08:00:00', null, '0'), ('67', '2', '0,1,2,', '', '985', null, null, null, '1', null, '1', '2013-06-03 08:00:00', '1', '2013-06-03 08:00:00', null, '0'), ('68', '67', '0,1,2,67,', '', '30', '/sys/log', null, 'pencil', '1', 'sys:log:view', '1', '2013-06-03 08:00:00', '1', '2013-06-03 08:00:00', null, '0'), ('69', '62', '0,1,62,', '', '300', null, null, null, '1', null, '1', '2013-05-27 08:00:00', '1', '2013-05-27 08:00:00', null, '0'), ('7', '3', '0,1,2,3,', '', '50', '/sys/role/', null, 'lock', '1', null, '1', '2013-05-27 08:00:00', '1', '2013-05-27 08:00:00', null, '0'), ('70', '69', '0,1,62,69,', '', '50', '/act/process', null, 'road', '1', 'act:process:edit', '1', '2013-05-27 08:00:00', '1', '2013-05-27 08:00:00', null, '0'), ('71', '27', '0,1,27,', '', '90', null, null, null, '1', null, '1', '2013-05-27 08:00:00', '1', '2013-05-27 08:00:00', null, '0'), ('72', '69', '0,1,62,69,', '', '100', '/act/model', null, 'road', '1', 'act:model:edit', '1', '2013-09-20 08:00:00', '1', '2013-09-20 08:00:00', null, '0'), ('73', '63', '0,1,62,63,', '', '50', '/act/task/todo/', null, 'tasks', '1', null, '1', '2013-09-24 08:00:00', '1', '2013-09-24 08:00:00', null, '0'), ('74', '63', '0,1,62,63,', '', '100', '/oa/testAudit', null, null, '1', 'oa:testAudit:view,oa:testAudit:edit', '1', '2013-09-24 08:00:00', '1', '2013-09-24 08:00:00', null, '0'), ('75', '1', '0,1,', '', '3000', null, null, null, '1', null, '1', '2013-10-08 08:00:00', '1', '2013-10-08 08:00:00', null, '1'), ('79', '1', '0,1,', '', '5000', null, null, null, '1', null, '1', '2013-10-16 08:00:00', '1', '2013-10-16 08:00:00', null, '0'), ('8', '7', '0,1,2,3,7,', '', '30', null, null, null, '0', 'sys:role:view', '1', '2013-05-27 08:00:00', '1', '2013-05-27 08:00:00', null, '0'), ('80', '79', '0,1,79,', '', '50', null, null, null, '1', null, '1', '2013-10-16 08:00:00', '1', '2013-10-16 08:00:00', null, '0'), ('81', '80', '0,1,79,80,', '', '30', '/gen/genScheme', null, null, '1', 'gen:genScheme:view,gen:genScheme:edit', '1', '2013-10-16 08:00:00', '1', '2013-10-16 08:00:00', null, '0'), ('82', '80', '0,1,79,80,', '', '20', '/gen/genTable', null, null, '1', 'gen:genTable:view,gen:genTable:edit,gen:genTableColumn:view,gen:genTableColumn:edit', '1', '2013-10-16 08:00:00', '1', '2013-10-16 08:00:00', null, '0'), ('83', '80', '0,1,79,80,', '', '90', '/gen/genTemplate', null, null, '1', 'gen:genTemplate:view,gen:genTemplate:edit', '1', '2013-10-16 08:00:00', '1', '2013-10-16 08:00:00', null, '1'), ('84', '67', '0,1,2,67,', '', '40', '/../druid', null, null, '1', null, '1', '2013-10-18 08:00:00', '1', '2013-10-18 08:00:00', null, '0'), ('85', '76', '0,1,75,76,', '', '80', '/../static/map/map-city.html', null, null, '1', null, '1', '2013-10-22 08:00:00', '1', '2013-10-22 08:00:00', null, '0'), ('86', '75', '0,1,75,', '', '50', null, null, null, '1', null, '1', '2013-10-22 08:00:00', '1', '2013-10-22 08:00:00', null, '1'), ('87', '86', '0,1,75,86,', '', '30', '/test/test/form', null, null, '1', 'test:test:view,test:test:edit', '1', '2013-10-22 08:00:00', '1', '2013-10-22 08:00:00', null, '1'), ('88', '62', '0,1,62,', '', '20', '', '', '', '1', '', '1', '2013-11-08 08:00:00', '1', '2013-11-08 08:00:00', null, '0'), ('89', '88', '0,1,62,88,', '', '30', '/oa/oaNotify/self', '', '', '1', '', '1', '2013-11-08 08:00:00', '1', '2013-11-08 08:00:00', null, '0'), ('9', '7', '0,1,2,3,7,', '', '40', null, null, null, '0', 'sys:role:edit', '1', '2013-05-27 08:00:00', '1', '2013-05-27 08:00:00', null, '0'), ('90', '88', '0,1,62,88,', '', '50', '/oa/oaNotify', '', '', '1', 'oa:oaNotify:view,oa:oaNotify:edit', '1', '2013-11-08 08:00:00', '1', '2013-11-08 08:00:00', null, '0'), ('afab2db430e2457f9cf3a11feaa8b869', '0ca004d6b1bf4bcab9670a5060d82a55', '0,1,79,3c92c17886944d0687e73e286cada573,0ca004d6b1bf4bcab9670a5060d82a55,', '', '60', '', '', '', '0', 'test:testTree:edit', '1', '2013-08-12 13:10:05', '1', '2013-08-12 13:10:05', '', '0'), ('b1f6d1b86ba24365bae7fd86c5082317', '3c92c17886944d0687e73e286cada573', '0,1,79,3c92c17886944d0687e73e286cada573,', '', '60', '/test/testDataMain', '', '', '1', '', '1', '2013-08-12 13:10:05', '1', '2013-08-12 13:10:05', '', '0'), ('ba8092291b40482db8fe7fc006ea3d76', '3c92c17886944d0687e73e286cada573', '0,1,79,3c92c17886944d0687e73e286cada573,', '', '30', '/test/testData', '', '', '1', '', '1', '2013-08-12 13:10:05', '1', '2013-08-12 13:10:05', '', '0'), ('c2e4d9082a0b4386884a0b203afe2c5c', '0ca004d6b1bf4bcab9670a5060d82a55', '0,1,79,3c92c17886944d0687e73e286cada573,0ca004d6b1bf4bcab9670a5060d82a55,', '', '30', '', '', '', '0', 'test:testTree:view', '1', '2013-08-12 13:10:05', '1', '2013-08-12 13:10:05', '', '0'), ('d15ec45a4c5449c3bbd7a61d5f9dd1d2', 'b1f6d1b86ba24365bae7fd86c5082317', '0,1,79,3c92c17886944d0687e73e286cada573,b1f6d1b86ba24365bae7fd86c5082317,', '', '60', '', '', '', '0', 'test:testDataMain:edit', '1', '2013-08-12 13:10:05', '1', '2013-08-12 13:10:05', '', '0'), ('df7ce823c5b24ff9bada43d992f373e2', 'ba8092291b40482db8fe7fc006ea3d76', '0,1,79,3c92c17886944d0687e73e286cada573,ba8092291b40482db8fe7fc006ea3d76,', '', '30', '', '', '', '0', 'test:testData:view', '1', '2013-08-12 13:10:05', '1', '2013-08-12 13:10:05', '', '0');
COMMIT;

-- ----------------------------
--  Table structure for `sys_office`
-- ----------------------------
DROP TABLE IF EXISTS `sys_office`;
CREATE TABLE `sys_office` (
  `id` varchar(64) COLLATE utf8_bin NOT NULL COMMENT '',
  `parent_id` varchar(64) COLLATE utf8_bin NOT NULL COMMENT '',
  `parent_ids` varchar(2000) COLLATE utf8_bin NOT NULL COMMENT '',
  `name` varchar(100) COLLATE utf8_bin NOT NULL COMMENT '',
  `sort` decimal(10,0) NOT NULL COMMENT '',
  `area_id` varchar(64) COLLATE utf8_bin NOT NULL COMMENT '',
  `code` varchar(100) COLLATE utf8_bin DEFAULT NULL COMMENT '',
  `type` char(1) COLLATE utf8_bin NOT NULL COMMENT '',
  `grade` char(1) COLLATE utf8_bin NOT NULL COMMENT '',
  `address` varchar(255) COLLATE utf8_bin DEFAULT NULL COMMENT '',
  `zip_code` varchar(100) COLLATE utf8_bin DEFAULT NULL COMMENT '',
  `master` varchar(100) COLLATE utf8_bin DEFAULT NULL COMMENT '',
  `phone` varchar(200) COLLATE utf8_bin DEFAULT NULL COMMENT '',
  `fax` varchar(200) COLLATE utf8_bin DEFAULT NULL COMMENT '',
  `email` varchar(200) COLLATE utf8_bin DEFAULT NULL COMMENT '',
  `USEABLE` varchar(64) COLLATE utf8_bin DEFAULT NULL COMMENT '',
  `PRIMARY_PERSON` varchar(64) COLLATE utf8_bin DEFAULT NULL COMMENT '',
  `DEPUTY_PERSON` varchar(64) COLLATE utf8_bin DEFAULT NULL COMMENT '',
  `create_by` varchar(64) COLLATE utf8_bin NOT NULL COMMENT '',
  `create_date` datetime NOT NULL COMMENT '',
  `update_by` varchar(64) COLLATE utf8_bin NOT NULL COMMENT '',
  `update_date` datetime NOT NULL COMMENT '',
  `remarks` varchar(255) COLLATE utf8_bin DEFAULT NULL COMMENT '',
  `del_flag` char(1) COLLATE utf8_bin NOT NULL DEFAULT '0' COMMENT '',
  PRIMARY KEY (`id`),
  KEY `sys_office_parent_id` (`parent_id`),
  KEY `sys_office_del_flag` (`del_flag`),
  KEY `sys_office_type` (`type`)
) ENGINE=InnoDB DEFAULT CHARSET=utf8 COLLATE=utf8_bin COMMENT='';

-- ----------------------------
--  Records of `sys_office`
-- ----------------------------
BEGIN;
INSERT INTO `sys_office` VALUES ('1', '0', '0,', '', '10', '2', '100000', '1', '1', null, null, null, null, null, null, '1', null, null, '1', '2013-05-27 08:00:00', '1', '2013-05-27 08:00:00', null, '0'), ('10', '7', '0,1,7,', '', '30', '3', '200003', '2', '2', null, null, null, null, null, null, '1', null, null, '1', '2013-05-27 08:00:00', '1', '2013-05-27 08:00:00', null, '0'), ('11', '7', '0,1,7,', '', '40', '3', '200004', '2', '2', null, null, null, null, null, null, '1', null, null, '1', '2013-05-27 08:00:00', '1', '2013-05-27 08:00:00', null, '0'), ('12', '7', '0,1,7,', '', '0', '4', '201000', '1', '3', null, null, null, null, null, null, '1', null, null, '1', '2013-05-27 08:00:00', '1', '2013-05-27 08:00:00', null, '0'), ('13', '12', '0,1,7,12,', '', '10', '4', '201001', '2', '3', null, null, null, null, null, null, '1', null, null, '1', '2013-05-27 08:00:00', '1', '2013-05-27 08:00:00', null, '0'), ('14', '12', '0,1,7,12,', '', '20', '4', '201002', '2', '3', null, null, null, null, null, null, '1', null, null, '1', '2013-05-27 08:00:00', '1', '2013-05-27 08:00:00', null, '0'), ('15', '12', '0,1,7,12,', '', '30', '4', '201003', '2', '3', null, null, null, null, null, null, '1', null, null, '1', '2013-05-27 08:00:00', '1', '2013-05-27 08:00:00', null, '0'), ('16', '12', '0,1,7,12,', '', '40', '4', '201004', '2', '3', null, null, null, null, null, null, '1', null, null, '1', '2013-05-27 08:00:00', '1', '2013-05-27 08:00:00', null, '0'), ('17', '7', '0,1,7,', '', '40', '5', '201010', '1', '3', null, null, null, null, null, null, '1', null, null, '1', '2013-05-27 08:00:00', '1', '2013-05-27 08:00:00', null, '0'), ('18', '17', '0,1,7,17,', '', '10', '5', '201011', '2', '3', null, null, null, null, null, null, '1', null, null, '1', '2013-05-27 08:00:00', '1', '2013-05-27 08:00:00', null, '0'), ('19', '17', '0,1,7,17,', '', '20', '5', '201012', '2', '3', null, null, null, null, null, null, '1', null, null, '1', '2013-05-27 08:00:00', '1', '2013-05-27 08:00:00', null, '0'), ('2', '1', '0,1,', '', '10', '2', '100001', '2', '1', null, null, null, null, null, null, '1', null, null, '1', '2013-05-27 08:00:00', '1', '2013-05-27 08:00:00', null, '0'), ('20', '17', '0,1,7,17,', '', '30', '5', '201013', '2', '3', null, null, null, null, null, null, '1', null, null, '1', '2013-05-27 08:00:00', '1', '2013-05-27 08:00:00', null, '0'), ('21', '17', '0,1,7,17,', '', '40', '5', '201014', '2', '3', null, null, null, null, null, null, '1', null, null, '1', '2013-05-27 08:00:00', '1', '2013-05-27 08:00:00', null, '0'), ('22', '7', '0,1,7,', '', '50', '6', '201010', '1', '3', null, null, null, null, null, null, '1', null, null, '1', '2013-05-27 08:00:00', '1', '2013-05-27 08:00:00', null, '0'), ('23', '22', '0,1,7,22,', '', '10', '6', '201011', '2', '3', null, null, null, null, null, null, '1', null, null, '1', '2013-05-27 08:00:00', '1', '2013-05-27 08:00:00', null, '0'), ('24', '22', '0,1,7,22,', '', '20', '6', '201012', '2', '3', null, null, null, null, null, null, '1', null, null, '1', '2013-05-27 08:00:00', '1', '2013-05-27 08:00:00', null, '0'), ('25', '22', '0,1,7,22,', '', '30', '6', '201013', '2', '3', null, null, null, null, null, null, '1', null, null, '1', '2013-05-27 08:00:00', '1', '2013-05-27 08:00:00', null, '0'), ('26', '22', '0,1,7,22,', '', '40', '6', '201014', '2', '3', null, null, null, null, null, null, '1', null, null, '1', '2013-05-27 08:00:00', '1', '2013-05-27 08:00:00', null, '0'), ('3', '1', '0,1,', '', '20', '2', '100002', '2', '1', null, null, null, null, null, null, '1', null, null, '1', '2013-05-27 08:00:00', '1', '2013-05-27 08:00:00', null, '0'), ('4', '1', '0,1,', '', '30', '2', '100003', '2', '1', null, null, null, null, null, null, '1', null, null, '1', '2013-05-27 08:00:00', '1', '2013-05-27 08:00:00', null, '0'), ('5', '1', '0,1,', '', '40', '2', '100004', '2', '1', null, null, null, null, null, null, '1', null, null, '1', '2013-05-27 08:00:00', '1', '2013-05-27 08:00:00', null, '0'), ('6', '1', '0,1,', '', '50', '2', '100005', '2', '1', null, null, null, null, null, null, '1', null, null, '1', '2013-05-27 08:00:00', '1', '2013-05-27 08:00:00', null, '0'), ('7', '1', '0,1,', '', '20', '3', '200000', '1', '2', null, null, null, null, null, null, '1', null, null, '1', '2013-05-27 08:00:00', '1', '2013-05-27 08:00:00', null, '0'), ('8', '7', '0,1,7,', '', '10', '3', '200001', '2', '2', null, null, null, null, null, null, '1', null, null, '1', '2013-05-27 08:00:00', '1', '2013-05-27 08:00:00', null, '0'), ('9', '7', '0,1,7,', '', '20', '3', '200002', '2', '2', null, null, null, null, null, null, '1', null, null, '1', '2013-05-27 08:00:00', '1', '2013-05-27 08:00:00', null, '0');
COMMIT;

-- ----------------------------
--  Table structure for `sys_role`
-- ----------------------------
DROP TABLE IF EXISTS `sys_role`;
CREATE TABLE `sys_role` (
  `id` varchar(64) COLLATE utf8_bin NOT NULL COMMENT '',
  `office_id` varchar(64) COLLATE utf8_bin DEFAULT NULL COMMENT '',
  `name` varchar(100) COLLATE utf8_bin NOT NULL COMMENT '',
  `enname` varchar(255) COLLATE utf8_bin DEFAULT NULL COMMENT '',
  `role_type` varchar(255) COLLATE utf8_bin DEFAULT NULL COMMENT '',
  `data_scope` char(1) COLLATE utf8_bin DEFAULT NULL COMMENT '',
  `is_sys` varchar(64) COLLATE utf8_bin DEFAULT NULL COMMENT '',
  `useable` varchar(64) COLLATE utf8_bin DEFAULT NULL COMMENT '',
  `create_by` varchar(64) COLLATE utf8_bin NOT NULL COMMENT '',
  `create_date` datetime NOT NULL COMMENT '',
  `update_by` varchar(64) COLLATE utf8_bin NOT NULL COMMENT '',
  `update_date` datetime NOT NULL COMMENT '',
  `remarks` varchar(255) COLLATE utf8_bin DEFAULT NULL COMMENT '',
  `del_flag` char(1) COLLATE utf8_bin NOT NULL DEFAULT '0' COMMENT '',
  PRIMARY KEY (`id`),
  KEY `sys_role_del_flag` (`del_flag`),
  KEY `sys_role_enname` (`enname`)
) ENGINE=InnoDB DEFAULT CHARSET=utf8 COLLATE=utf8_bin COMMENT='';

-- ----------------------------
--  Records of `sys_role`
-- ----------------------------
BEGIN;
INSERT INTO `sys_role` VALUES ('1', '1', '', 'dept', 'assignment', '1', null, '1', '1', '2013-05-27 08:00:00', '1', '2013-05-27 08:00:00', null, '0'), ('2', '1', '', 'hr', 'assignment', '2', null, '1', '1', '2013-05-27 08:00:00', '1', '2013-05-27 08:00:00', null, '0'), ('3', '1', '', 'a', 'assignment', '3', null, '1', '1', '2013-05-27 08:00:00', '1', '2013-05-27 08:00:00', null, '0'), ('4', '1', '', 'b', 'assignment', '4', null, '1', '1', '2013-05-27 08:00:00', '1', '2013-05-27 08:00:00', null, '0'), ('5', '1', '', 'c', 'assignment', '5', null, '1', '1', '2013-05-27 08:00:00', '1', '2013-05-27 08:00:00', null, '0'), ('6', '1', '', 'd', 'assignment', '8', null, '1', '1', '2013-05-27 08:00:00', '1', '2013-05-27 08:00:00', null, '0'), ('7', '7', '', 'e', 'assignment', '9', null, '1', '1', '2013-05-27 08:00:00', '1', '2013-05-27 08:00:00', null, '0');
COMMIT;

-- ----------------------------
--  Table structure for `sys_role_menu`
-- ----------------------------
DROP TABLE IF EXISTS `sys_role_menu`;
CREATE TABLE `sys_role_menu` (
  `role_id` varchar(64) COLLATE utf8_bin NOT NULL COMMENT '',
  `menu_id` varchar(64) COLLATE utf8_bin NOT NULL COMMENT '',
  PRIMARY KEY (`role_id`,`menu_id`)
) ENGINE=InnoDB DEFAULT CHARSET=utf8 COLLATE=utf8_bin COMMENT='-';

-- ----------------------------
--  Records of `sys_role_menu`
-- ----------------------------
BEGIN;
INSERT INTO `sys_role_menu` VALUES ('1', '1'), ('1', '10'), ('1', '11'), ('1', '12'), ('1', '13'), ('1', '14'), ('1', '15'), ('1', '16'), ('1', '17'), ('1', '18'), ('1', '19'), ('1', '2'), ('1', '20'), ('1', '21'), ('1', '22'), ('1', '23'), ('1', '24'), ('1', '25'), ('1', '26'), ('1', '27'), ('1', '28'), ('1', '29'), ('1', '3'), ('1', '30'), ('1', '31'), ('1', '32'), ('1', '33'), ('1', '34'), ('1', '35'), ('1', '36'), ('1', '37'), ('1', '38'), ('1', '39'), ('1', '4'), ('1', '40'), ('1', '41'), ('1', '42'), ('1', '43'), ('1', '44'), ('1', '45'), ('1', '46'), ('1', '47'), ('1', '48'), ('1', '49'), ('1', '5'), ('1', '50'), ('1', '51'), ('1', '52'), ('1', '53'), ('1', '54'), ('1', '55'), ('1', '56'), ('1', '57'), ('1', '58'), ('1', '59'), ('1', '6'), ('1', '60'), ('1', '61'), ('1', '62'), ('1', '63'), ('1', '64'), ('1', '65'), ('1', '66'), ('1', '67'), ('1', '68'), ('1', '69'), ('1', '7'), ('1', '70'), ('1', '71'), ('1', '72'), ('1', '73'), ('1', '74'), ('1', '75'), ('1', '76'), ('1', '77'), ('1', '78'), ('1', '79'), ('1', '8'), ('1', '80'), ('1', '81'), ('1', '82'), ('1', '83'), ('1', '84'), ('1', '85'), ('1', '86'), ('1', '87'), ('1', '88'), ('1', '89'), ('1', '9'), ('1', '90'), ('2', '1'), ('2', '10'), ('2', '11'), ('2', '12'), ('2', '13'), ('2', '14'), ('2', '15'), ('2', '16'), ('2', '17'), ('2', '18'), ('2', '19'), ('2', '2'), ('2', '20'), ('2', '21'), ('2', '22'), ('2', '23'), ('2', '24'), ('2', '25'), ('2', '26'), ('2', '27'), ('2', '28'), ('2', '29'), ('2', '3'), ('2', '30'), ('2', '31'), ('2', '32'), ('2', '33'), ('2', '34'), ('2', '35'), ('2', '36'), ('2', '37'), ('2', '38'), ('2', '39'), ('2', '4'), ('2', '40'), ('2', '41'), ('2', '42'), ('2', '43'), ('2', '44'), ('2', '45'), ('2', '46'), ('2', '47'), ('2', '48'), ('2', '49'), ('2', '5'), ('2', '50'), ('2', '51'), ('2', '52'), ('2', '53'), ('2', '54'), ('2', '55'), ('2', '56'), ('2', '57'), ('2', '58'), ('2', '59'), ('2', '6'), ('2', '60'), ('2', '61'), ('2', '62'), ('2', '63'), ('2', '64'), ('2', '65'), ('2', '66'), ('2', '67'), ('2', '68'), ('2', '69'), ('2', '7'), ('2', '70'), ('2', '71'), ('2', '72'), ('2', '73'), ('2', '74'), ('2', '75'), ('2', '76'), ('2', '77'), ('2', '78'), ('2', '79'), ('2', '8'), ('2', '80'), ('2', '81'), ('2', '82'), ('2', '83'), ('2', '84'), ('2', '85'), ('2', '86'), ('2', '87'), ('2', '88'), ('2', '89'), ('2', '9'), ('2', '90'), ('3', '1'), ('3', '10'), ('3', '11'), ('3', '12'), ('3', '13'), ('3', '14'), ('3', '15'), ('3', '16'), ('3', '17'), ('3', '18'), ('3', '19'), ('3', '2'), ('3', '20'), ('3', '21'), ('3', '22'), ('3', '23'), ('3', '24'), ('3', '25'), ('3', '26'), ('3', '27'), ('3', '28'), ('3', '29'), ('3', '3'), ('3', '30'), ('3', '31'), ('3', '32'), ('3', '33'), ('3', '34'), ('3', '35'), ('3', '36'), ('3', '37'), ('3', '38'), ('3', '39'), ('3', '4'), ('3', '40'), ('3', '41'), ('3', '42'), ('3', '43'), ('3', '44'), ('3', '45'), ('3', '46'), ('3', '47'), ('3', '48'), ('3', '49'), ('3', '5'), ('3', '50'), ('3', '51'), ('3', '52'), ('3', '53'), ('3', '54'), ('3', '55'), ('3', '56'), ('3', '57'), ('3', '58'), ('3', '59'), ('3', '6'), ('3', '60'), ('3', '61'), ('3', '62'), ('3', '63'), ('3', '64'), ('3', '65'), ('3', '66'), ('3', '67'), ('3', '68'), ('3', '69'), ('3', '7'), ('3', '70'), ('3', '71'), ('3', '72'), ('3', '73'), ('3', '74'), ('3', '75'), ('3', '76'), ('3', '77'), ('3', '78'), ('3', '79'), ('3', '8'), ('3', '80'), ('3', '81'), ('3', '82'), ('3', '83'), ('3', '84'), ('3', '85'), ('3', '86'), ('3', '87'), ('3', '88'), ('3', '89'), ('3', '9'), ('3', '90');
COMMIT;

-- ----------------------------
--  Table structure for `sys_role_office`
-- ----------------------------
DROP TABLE IF EXISTS `sys_role_office`;
CREATE TABLE `sys_role_office` (
  `role_id` varchar(64) COLLATE utf8_bin NOT NULL COMMENT '',
  `office_id` varchar(64) COLLATE utf8_bin NOT NULL COMMENT '',
  PRIMARY KEY (`role_id`,`office_id`)
) ENGINE=InnoDB DEFAULT CHARSET=utf8 COLLATE=utf8_bin COMMENT='-';

-- ----------------------------
--  Records of `sys_role_office`
-- ----------------------------
BEGIN;
INSERT INTO `sys_role_office` VALUES ('7', '10'), ('7', '11'), ('7', '12'), ('7', '13'), ('7', '14'), ('7', '15'), ('7', '16'), ('7', '17'), ('7', '18'), ('7', '19'), ('7', '20'), ('7', '21'), ('7', '22'), ('7', '23'), ('7', '24'), ('7', '25'), ('7', '26'), ('7', '7'), ('7', '8'), ('7', '9');
COMMIT;

-- ----------------------------
--  Table structure for `sys_user`
-- ----------------------------
DROP TABLE IF EXISTS `sys_user`;
CREATE TABLE `sys_user` (
  `id` varchar(64) COLLATE utf8_bin NOT NULL COMMENT '',
  `company_id` varchar(64) COLLATE utf8_bin NOT NULL COMMENT '',
  `office_id` varchar(64) COLLATE utf8_bin NOT NULL COMMENT '',
  `login_name` varchar(100) COLLATE utf8_bin NOT NULL COMMENT '',
  `password` varchar(100) COLLATE utf8_bin NOT NULL COMMENT '',
  `no` varchar(100) COLLATE utf8_bin DEFAULT NULL COMMENT '',
  `name` varchar(100) COLLATE utf8_bin NOT NULL COMMENT '',
  `email` varchar(200) COLLATE utf8_bin DEFAULT NULL COMMENT '',
  `phone` varchar(200) COLLATE utf8_bin DEFAULT NULL COMMENT '',
  `mobile` varchar(200) COLLATE utf8_bin DEFAULT NULL COMMENT '',
  `user_type` char(1) COLLATE utf8_bin DEFAULT NULL COMMENT '',
  `photo` varchar(1000) COLLATE utf8_bin DEFAULT NULL COMMENT '',
  `login_ip` varchar(100) COLLATE utf8_bin DEFAULT NULL COMMENT 'IP',
  `login_date` datetime DEFAULT NULL COMMENT '',
  `login_flag` varchar(64) COLLATE utf8_bin DEFAULT NULL COMMENT '',
  `create_by` varchar(64) COLLATE utf8_bin NOT NULL COMMENT '',
  `create_date` datetime NOT NULL COMMENT '',
  `update_by` varchar(64) COLLATE utf8_bin NOT NULL COMMENT '',
  `update_date` datetime NOT NULL COMMENT '',
  `remarks` varchar(255) COLLATE utf8_bin DEFAULT NULL COMMENT '',
  `del_flag` char(1) COLLATE utf8_bin NOT NULL DEFAULT '0' COMMENT '',
  PRIMARY KEY (`id`),
  KEY `sys_user_office_id` (`office_id`),
  KEY `sys_user_login_name` (`login_name`),
  KEY `sys_user_company_id` (`company_id`),
  KEY `sys_user_update_date` (`update_date`),
  KEY `sys_user_del_flag` (`del_flag`)
) ENGINE=InnoDB DEFAULT CHARSET=utf8 COLLATE=utf8_bin COMMENT='';

-- ----------------------------
--  Records of `sys_user`
-- ----------------------------
BEGIN;
INSERT INTO `sys_user` VALUES ('1', '1', '2', 'thinkgem', '02a3f0772fcca9f415adc990734b45c6f059c7d33ee28362c4852032', '0001', '', 'thinkgem@163.com', '8675', '8675', null, null, '0:0:0:0:0:0:0:1', '2015-08-14 17:21:57', '1', '1', '2013-05-27 08:00:00', '1', '2013-05-27 08:00:00', '', '0'), ('10', '7', '11', 'jn_jsb', '02a3f0772fcca9f415adc990734b45c6f059c7d33ee28362c4852032', '0010', '', null, null, null, null, null, null, null, '1', '1', '2013-05-27 08:00:00', '1', '2013-05-27 08:00:00', null, '0'), ('11', '12', '13', 'lc_admin', '02a3f0772fcca9f415adc990734b45c6f059c7d33ee28362c4852032', '0011', '', null, null, null, null, null, null, null, '1', '1', '2013-05-27 08:00:00', '1', '2013-05-27 08:00:00', null, '0'), ('12', '12', '18', 'lx_admin', '02a3f0772fcca9f415adc990734b45c6f059c7d33ee28362c4852032', '0012', '', null, null, null, null, null, null, null, '1', '1', '2013-05-27 08:00:00', '1', '2013-05-27 08:00:00', null, '0'), ('13', '22', '23', 'gx_admin', '02a3f0772fcca9f415adc990734b45c6f059c7d33ee28362c4852032', '0013', '', null, null, null, null, null, null, null, '1', '1', '2013-05-27 08:00:00', '1', '2013-05-27 08:00:00', null, '0'), ('2', '1', '2', 'sd_admin', '02a3f0772fcca9f415adc990734b45c6f059c7d33ee28362c4852032', '0002', '', null, null, null, null, null, null, null, '1', '1', '2013-05-27 08:00:00', '1', '2013-05-27 08:00:00', null, '0'), ('3', '1', '3', 'sd_zhb', '02a3f0772fcca9f415adc990734b45c6f059c7d33ee28362c4852032', '0003', '', null, null, null, null, null, null, null, '1', '1', '2013-05-27 08:00:00', '1', '2013-05-27 08:00:00', null, '0'), ('4', '1', '4', 'sd_scb', '02a3f0772fcca9f415adc990734b45c6f059c7d33ee28362c4852032', '0004', '', null, null, null, null, null, null, null, '1', '1', '2013-05-27 08:00:00', '1', '2013-05-27 08:00:00', null, '0'), ('5', '1', '5', 'sd_jsb', '02a3f0772fcca9f415adc990734b45c6f059c7d33ee28362c4852032', '0005', '', null, null, null, null, null, null, null, '1', '1', '2013-05-27 08:00:00', '1', '2013-05-27 08:00:00', null, '0'), ('6', '1', '6', 'sd_yfb', '02a3f0772fcca9f415adc990734b45c6f059c7d33ee28362c4852032', '0006', '', null, null, null, null, null, null, null, '1', '1', '2013-05-27 08:00:00', '1', '2013-05-27 08:00:00', null, '0'), ('7', '7', '8', 'jn_admin', '02a3f0772fcca9f415adc990734b45c6f059c7d33ee28362c4852032', '0007', '', null, null, null, null, null, null, null, '1', '1', '2013-05-27 08:00:00', '1', '2013-05-27 08:00:00', null, '0'), ('8', '7', '9', 'jn_zhb', '02a3f0772fcca9f415adc990734b45c6f059c7d33ee28362c4852032', '0008', '', null, null, null, null, null, null, null, '1', '1', '2013-05-27 08:00:00', '1', '2013-05-27 08:00:00', null, '0'), ('9', '7', '10', 'jn_scb', '02a3f0772fcca9f415adc990734b45c6f059c7d33ee28362c4852032', '0009', '', null, null, null, null, null, null, null, '1', '1', '2013-05-27 08:00:00', '1', '2013-05-27 08:00:00', null, '0');
COMMIT;

-- ----------------------------
--  Table structure for `sys_user_role`
-- ----------------------------
DROP TABLE IF EXISTS `sys_user_role`;
CREATE TABLE `sys_user_role` (
  `user_id` varchar(64) COLLATE utf8_bin NOT NULL COMMENT '',
  `role_id` varchar(64) COLLATE utf8_bin NOT NULL COMMENT '',
  PRIMARY KEY (`user_id`,`role_id`)
) ENGINE=InnoDB DEFAULT CHARSET=utf8 COLLATE=utf8_bin COMMENT='-';

-- ----------------------------
--  Records of `sys_user_role`
-- ----------------------------
BEGIN;
INSERT INTO `sys_user_role` VALUES ('1', '1'), ('1', '2'), ('10', '2'), ('11', '3'), ('12', '4'), ('13', '5'), ('14', '6'), ('2', '1'), ('3', '2'), ('4', '3'), ('5', '4'), ('6', '5'), ('7', '2'), ('7', '7'), ('8', '2'), ('9', '1');
COMMIT;

-- ----------------------------
--  Table structure for `test_data`
-- ----------------------------
DROP TABLE IF EXISTS `test_data`;
CREATE TABLE `test_data` (
  `id` varchar(64) COLLATE utf8_bin NOT NULL COMMENT '',
  `user_id` varchar(64) COLLATE utf8_bin DEFAULT NULL COMMENT '',
  `office_id` varchar(64) COLLATE utf8_bin DEFAULT NULL COMMENT '',
  `area_id` varchar(64) COLLATE utf8_bin DEFAULT NULL COMMENT '',
  `name` varchar(100) COLLATE utf8_bin DEFAULT NULL COMMENT '',
  `sex` char(1) COLLATE utf8_bin DEFAULT NULL COMMENT '',
  `in_date` date DEFAULT NULL COMMENT '',
  `create_by` varchar(64) COLLATE utf8_bin NOT NULL COMMENT '',
  `create_date` datetime NOT NULL COMMENT '',
  `update_by` varchar(64) COLLATE utf8_bin NOT NULL COMMENT '',
  `update_date` datetime NOT NULL COMMENT '',
  `remarks` varchar(255) COLLATE utf8_bin DEFAULT NULL COMMENT '',
  `del_flag` char(1) COLLATE utf8_bin NOT NULL DEFAULT '0' COMMENT '',
  PRIMARY KEY (`id`),
  KEY `test_data_del_flag` (`del_flag`)
) ENGINE=InnoDB DEFAULT CHARSET=utf8 COLLATE=utf8_bin COMMENT='';

-- ----------------------------
--  Table structure for `test_data_child`
-- ----------------------------
DROP TABLE IF EXISTS `test_data_child`;
CREATE TABLE `test_data_child` (
  `id` varchar(64) COLLATE utf8_bin NOT NULL COMMENT '',
  `test_data_main_id` varchar(64) COLLATE utf8_bin DEFAULT NULL COMMENT 'ID',
  `name` varchar(100) COLLATE utf8_bin DEFAULT NULL COMMENT '',
  `create_by` varchar(64) COLLATE utf8_bin NOT NULL COMMENT '',
  `create_date` datetime NOT NULL COMMENT '',
  `update_by` varchar(64) COLLATE utf8_bin NOT NULL COMMENT '',
  `update_date` datetime NOT NULL COMMENT '',
  `remarks` varchar(255) COLLATE utf8_bin DEFAULT NULL COMMENT '',
  `del_flag` char(1) COLLATE utf8_bin NOT NULL DEFAULT '0' COMMENT '',
  PRIMARY KEY (`id`),
  KEY `test_data_child_del_flag` (`del_flag`)
) ENGINE=InnoDB DEFAULT CHARSET=utf8 COLLATE=utf8_bin COMMENT='';

-- ----------------------------
--  Table structure for `test_data_main`
-- ----------------------------
DROP TABLE IF EXISTS `test_data_main`;
CREATE TABLE `test_data_main` (
  `id` varchar(64) COLLATE utf8_bin NOT NULL COMMENT '',
  `user_id` varchar(64) COLLATE utf8_bin DEFAULT NULL COMMENT '',
  `office_id` varchar(64) COLLATE utf8_bin DEFAULT NULL COMMENT '',
  `area_id` varchar(64) COLLATE utf8_bin DEFAULT NULL COMMENT '',
  `name` varchar(100) COLLATE utf8_bin DEFAULT NULL COMMENT '',
  `sex` char(1) COLLATE utf8_bin DEFAULT NULL COMMENT '',
  `in_date` date DEFAULT NULL COMMENT '',
  `create_by` varchar(64) COLLATE utf8_bin NOT NULL COMMENT '',
  `create_date` datetime NOT NULL COMMENT '',
  `update_by` varchar(64) COLLATE utf8_bin NOT NULL COMMENT '',
  `update_date` datetime NOT NULL COMMENT '',
  `remarks` varchar(255) COLLATE utf8_bin DEFAULT NULL COMMENT '',
  `del_flag` char(1) COLLATE utf8_bin NOT NULL DEFAULT '0' COMMENT '',
  PRIMARY KEY (`id`),
  KEY `test_data_main_del_flag` (`del_flag`)
) ENGINE=InnoDB DEFAULT CHARSET=utf8 COLLATE=utf8_bin COMMENT='';

-- ----------------------------
--  Table structure for `test_tree`
-- ----------------------------
DROP TABLE IF EXISTS `test_tree`;
CREATE TABLE `test_tree` (
  `id` varchar(64) COLLATE utf8_bin NOT NULL COMMENT '',
  `parent_id` varchar(64) COLLATE utf8_bin NOT NULL COMMENT '',
  `parent_ids` varchar(2000) COLLATE utf8_bin NOT NULL COMMENT '',
  `name` varchar(100) COLLATE utf8_bin NOT NULL COMMENT '',
  `sort` decimal(10,0) NOT NULL COMMENT '',
  `create_by` varchar(64) COLLATE utf8_bin NOT NULL COMMENT '',
  `create_date` datetime NOT NULL COMMENT '',
  `update_by` varchar(64) COLLATE utf8_bin NOT NULL COMMENT '',
  `update_date` datetime NOT NULL COMMENT '',
  `remarks` varchar(255) COLLATE utf8_bin DEFAULT NULL COMMENT '',
  `del_flag` char(1) COLLATE utf8_bin NOT NULL DEFAULT '0' COMMENT '',
  PRIMARY KEY (`id`),
  KEY `test_tree_del_flag` (`del_flag`),
  KEY `test_data_parent_id` (`parent_id`)
) ENGINE=InnoDB DEFAULT CHARSET=utf8 COLLATE=utf8_bin COMMENT='';

SET FOREIGN_KEY_CHECKS = 1;
